datasetName,testSetSize,totNumFlaky,totNumNonFlaky,numFlakyTrain,numNonFlakyTrain,numFlakyTest,numNonFlakyTest,totTrainTime,totTestTime,avgTestTime,f1Score,Precision,Recall,Accuracy,Sensitivity,Specificity,tp,fp,fn,tn,tp_norm,fp_norm,fn_norm,tn_norm
DeFlaker_handlebars,0.25,7,523,5,392,2,131,0.20354913,0.072742585,0.000546937,0.98,0.966666667,1,0.99924812,1,0.999236641,2,0.1,0,130.9,0.952380952,0.047619048,0,1
DeFlaker_handlebars,0.8,7,523,1,105,6,418,0.054802833,0.221205666,0.000521711,-,-,0,0.985849057,0,1,0,0,6,418,-,-,-,-
DeFlaker_handlebars,0.35,7,523,5,339,2,184,0.176428236,0.10035115,0.000539522,0.98,0.966666667,1,0.999462366,1,0.999456522,2,0.1,0,183.9,0.952380952,0.047619048,0,1
DeFlaker_handlebars,0.9,7,523,1,52,6,471,0.02748382,0.247824467,0.000519548,-,-,0,0.987421384,0,1,0,0,6,471,-,-,-,-
DeFlaker_handlebars,0.85,7,523,1,78,6,445,0.040776433,0.234878072,0.000520794,-,-,0,0.986696231,0,1,0,0,6,445,-,-,-,-
DeFlaker_handlebars,0.45,7,523,4,287,3,236,0.149231731,0.127716563,0.000534379,0.971428571,0.95,1,0.99916318,1,0.999152542,3,0.2,0,235.8,0.9375,0.0625,0,1
DeFlaker_handlebars,0.55,7,523,3,235,4,288,0.122126464,0.155945134,0.000534059,0.952380952,1,0.925,0.998972603,0.925,1,3.7,0,0.3,288,1,0,0.001040583,0.998959417
DeFlaker_handlebars,0.65,7,523,2,183,5,340,0.095055727,0.182305659,0.000528422,0.35978836,1,0.2,0.988405797,0.2,1,1,0,4,340,1,0,0.011627907,0.988372093
DeFlaker_handlebars,0.75,7,523,2,130,5,393,0.067866607,0.20845485,0.000523756,0.478835979,1,0.3,0.99120603,0.3,1,1.5,0,3.5,393,1,0,0.008827238,0.991172762
DeFlaker_handlebars,0.4,7,523,4,314,3,209,0.163062939,0.113700533,0.000536323,0.971428571,0.95,1,0.999056604,1,0.999043062,3,0.2,0,208.8,0.9375,0.0625,0,1
DeFlaker_handlebars,0.5,7,523,3.3,261.7,3.7,261.3,0.135927301,0.140964443,0.000531941,0.985714286,0.975,1,0.999622642,1,0.999617298,3.7,0.1,0,261.2,0.973684211,0.026315789,0,1
DeFlaker_handlebars,0.7,7,523,2,157,5,366,0.081716162,0.194558355,0.000524416,0.35978836,1,0.2,0.989218329,0.2,1,1,0,4,366,1,0,0.010810811,0.989189189
DeFlaker_handlebars,0.6,7,523,3,209,4,314,0.108827086,0.168353765,0.000529414,1,1,1,1,1,1,4,0,0,314,1,0,0,1
DeFlaker_handlebars,0.2,7,523,6,418,1,105,0.21736194,0.059272417,0.000559174,1,1,1,1,1,1,1,0,0,105,1,0,0,1
DeFlaker_handlebars,0.3,7,523,5,366,2,157,0.190188832,0.086204579,0.000542167,1,1,1,1,1,1,2,0,0,157,1,0,0,1
DeFlaker_handlebars,0.1,7,523,6,471,1,52,0.244504278,0.031657607,0.000597313,1,1,1,1,1,1,1,0,0,52,1,0,0,1
DeFlaker_handlebars,0.15,7,523,6,444,1,79,0.230693502,0.045413271,0.000567666,0.966666667,0.95,1,0.99875,1,0.998734177,1,0.1,0,78.9,0.909090909,0.090909091,0,1
DeFlaker_logback,0.8,11,1041,2,208,9,833,0.106370662,0.43802304,0.000520217,0.555804196,1,0.2,0.991448931,0.2,1,1.8,0,7.2,833,1,0,0.008569388,0.991430612
DeFlaker_logback,0.9,11,1041,1,104,10,937,0.053414919,0.488013604,0.000515326,0.282828283,1,0.05,0.989968321,0.05,1,0.5,0,9.5,937,1,0,0.010036978,0.989963022
DeFlaker_logback,0.15,11,1041,9,885,2,156,0.451740176,0.092121008,0.000583044,0.674285714,0.563333333,0.9,0.988607595,0.9,0.98974359,1.8,1.6,0.2,154.4,0.529411765,0.470588235,0.001293661,0.998706339
DeFlaker_logback,0.65,11,1041,4,364,7,677,0.186083941,0.361645142,0.000528721,0.758157895,0.729865967,0.828571429,0.994152047,0.828571429,0.995864106,5.8,2.8,1.2,674.2,0.674418605,0.325581395,0.001776725,0.998223275
DeFlaker_logback,0.75,11,1041,3,260,8,781,0.133127116,0.412932571,0.000523362,0.67169791,0.796296296,0.5625,0.993789607,0.5625,0.998207426,4.5,1.4,3.5,779.6,0.762711864,0.237288136,0.004469416,0.995530584
DeFlaker_logback,0.45,11,1041,6,572,5,469,0.292297783,0.256649042,0.000541454,0.615203963,0.491922799,0.84,0.988607595,0.84,0.990191898,4.2,4.6,0.8,464.4,0.477272727,0.522727273,0.00171969,0.99828031
DeFlaker_logback,0.85,11,1041,2,155,9,886,0.079615445,0.463491468,0.000517868,0.458041958,0.928571429,0.222222222,0.991955307,0.222222222,0.999774266,2,0.2,7,885.8,0.909090909,0.090909091,0.007840502,0.992159498
DeFlaker_logback,0.95,11,1041,1,51,10,990,0.02665457,0.513216053,0.000513216,0.333333333,1,0.06,0.9906,0.06,1,0.6,0,9.4,990,1,0,0.009405643,0.990594357
DeFlaker_logback,0.55,11,1041,5,468,6,573,0.239243864,0.309304411,0.000534205,0.710609244,0.620732323,0.85,0.992573402,0.85,0.994066318,5.1,3.4,0.9,569.6,0.6,0.4,0.001577564,0.998422436
DeFlaker_logback,0.1,11,1041,10,936,1,105,0.477920692,0.063722579,0.000601156,0.673333333,0.558333333,1,0.987735849,1,0.987619048,1,1.3,0,103.7,0.434782609,0.565217391,0,1
DeFlaker_logback,0.2,11,1041,9,832,2,209,0.424953974,0.11962367,0.000566937,0.573809524,0.43,0.9,0.987203791,0.9,0.988038278,1.8,2.5,0.2,206.5,0.418604651,0.581395349,0.000967586,0.999032414
DeFlaker_logback,0.25,11,1041,8,781,3,260,0.398752932,0.147251008,0.00055989,0.573412698,0.487380952,0.766666667,0.986311787,0.766666667,0.988846154,2.3,2.9,0.7,257.1,0.442307692,0.557692308,0.002715283,0.997284717
DeFlaker_logback,0.3,11,1041,8,728,3,313,0.371965525,0.17511004,0.000554146,0.586868687,0.458333333,0.866666667,0.987974684,0.866666667,0.98913738,2.6,3.4,0.4,309.6,0.433333333,0.566666667,0.001290323,0.998709677
DeFlaker_logback,0.7,11,1041,3,312,8,729,0.159413635,0.387675544,0.000526018,0.71589918,0.856802721,0.4625,0.993080054,0.4625,0.998902606,3.7,0.8,4.3,728.2,0.822222222,0.177777778,0.005870307,0.994129693
DeFlaker_logback,0.35,11,1041,7,676,4,365,0.345311961,0.202270028,0.000548157,0.603752914,0.472896825,0.85,0.987804878,0.85,0.989315068,3.4,3.9,0.6,361.1,0.465753425,0.534246575,0.001658833,0.998341167
DeFlaker_logback,0.6,11,1041,4,416,7,625,0.2124687,0.33603622,0.000531703,0.711227106,0.77775974,0.728571429,0.993987342,0.728571429,0.99696,5.1,1.9,1.9,623.1,0.728571429,0.271428571,0.00304,0.99696
DeFlaker_logback,0.4,11,1041,7,624,4,417,0.319032242,0.230062707,0.000546467,0.547591298,0.432063492,0.775,0.987885986,0.775,0.989928058,3.1,4.2,0.9,412.8,0.424657534,0.575342466,0.002175489,0.997824511
DeFlaker_logback,0.5,11,1041,5.6,520.4,5.4,520.6,0.2659968,0.282282651,0.000536659,0.576283847,0.505506993,0.806666667,0.988022814,0.796296296,0.990011525,4.3,5.2,1.1,515.4,0.452631579,0.547368421,0.002129719,0.997870281
DeFlaker_okhttp,0.35,32,1199,21,779,11,420,0.412096291,0.243645624,0.000565303,0.737752313,0.868438228,0.672727273,0.988399072,0.672727273,0.996666667,7.4,1.4,3.6,418.6,0.840909091,0.159090909,0.008526765,0.991473235
DeFlaker_okhttp,0.9,32,1199,3,120,29,1079,0.063737583,0.582652982,0.00052586,0.211368655,0.819642857,0.127586207,0.976173285,0.127586207,0.998980538,3.7,1.1,25.3,1077.9,0.770833333,0.229166667,0.022933285,0.977066715
DeFlaker_okhttp,0.8,32,1199,6,240,26,959,0.127070922,0.524160613,0.000532143,0.465168513,0.787550783,0.346153846,0.979086294,0.346153846,0.99624609,9,3.6,17,955.4,0.714285714,0.285714286,0.017482517,0.982517483
DeFlaker_okhttp,0.25,32,1199,24,899,8,300,0.475299231,0.176548966,0.000573211,0.749477143,0.807683983,0.725,0.988311688,0.725,0.995333333,5.8,1.4,2.2,298.6,0.805555556,0.194444444,0.00731383,0.99268617
DeFlaker_okhttp,0.95,32,1199,2,59,30,1140,0.031811508,0.612590376,0.000523582,0.146040862,0.888888889,0.073333333,0.975897436,0.073333333,0.999649123,2.2,0.4,27.8,1139.6,0.846153846,0.153846154,0.023813603,0.976186397
DeFlaker_okhttp,0.55,32,1199,14,539,18,660,0.284989079,0.371433781,0.000547837,0.651668094,0.868647741,0.544444444,0.98539823,0.544444444,0.997424242,9.8,1.7,8.2,658.3,0.852173913,0.147826087,0.012303076,0.987696924
DeFlaker_okhttp,0.45,32,1199,18,659,14,540,0.348750531,0.307318964,0.000554727,0.742137384,0.78201715,0.714285714,0.987364621,0.714285714,0.994444444,10,3,4,537,0.769230769,0.230769231,0.007393715,0.992606285
DeFlaker_okhttp,0.85,32,1199,5,179,27,1020,0.095172957,0.553147652,0.000528317,0.392829503,0.754153439,0.292592593,0.977172875,0.292592593,0.995294118,7.9,4.8,19.1,1015.2,0.622047244,0.377952756,0.018466596,0.981533404
DeFlaker_okhttp,0.75,32,1199,8,299,24,900,0.158429094,0.494706882,0.000535397,0.531202044,0.792163204,0.4125,0.981385281,0.4125,0.996555556,9.9,3.1,14.1,896.9,0.761538462,0.238461538,0.015477497,0.984522503
DeFlaker_okhttp,0.65,32,1199,11,419,21,780,0.22150318,0.434316177,0.000542217,0.632032018,0.822888748,0.538095238,0.984269663,0.538095238,0.996282051,11.3,2.9,9.7,777.1,0.795774648,0.204225352,0.012328419,0.987671581
DeFlaker_okhttp,0.3,32,1199,22,839,10,360,0.443403021,0.209821316,0.000567085,0.782529986,0.9025,0.73,0.98972973,0.73,0.996944444,7.3,1.1,2.7,358.9,0.869047619,0.130952381,0.007466814,0.992533186
DeFlaker_okhttp,0.2,32,1199,26,958,6,241,0.50674368,0.143303149,0.000580175,0.784428904,0.812380952,0.766666667,0.989878543,0.766666667,0.995435685,4.6,1.1,1.4,239.9,0.807017544,0.192982456,0.005801906,0.994198094
DeFlaker_okhttp,0.15,32,1199,27,1019,5,180,0.538562789,0.109865187,0.000593866,0.824949495,0.921666667,0.76,0.991351351,0.76,0.997777778,3.8,0.4,1.2,179.6,0.904761905,0.095238095,0.006637168,0.993362832
DeFlaker_okhttp,0.1,32,1199,29,1078,3,121,0.569954794,0.077010753,0.000621054,0.76,0.85,0.7,0.989516129,0.7,0.996694215,2.1,0.4,0.9,120.6,0.84,0.16,0.007407407,0.992592593
DeFlaker_okhttp,0.5,32,1199,16,599,16,600,0.316672413,0.339529301,0.000551184,0.754934358,0.871037296,0.675,0.988961039,0.675,0.997333333,10.8,1.6,5.2,598.4,0.870967742,0.129032258,0.008614977,0.991385023
DeFlaker_okhttp,0.4,32,1199,19,719,13,480,0.380250796,0.276380461,0.000560609,0.796454602,0.821568432,0.776923077,0.989452333,0.776923077,0.995208333,10.1,2.3,2.9,477.7,0.814516129,0.185483871,0.006034124,0.993965876
DeFlaker_okhttp,0.6,32,1199,13,479,19,720,0.253620623,0.402708325,0.000544937,0.715823597,0.77784345,0.678947368,0.9864682,0.678947368,0.994583333,12.9,3.9,6.1,716.1,0.767857143,0.232142857,0.008446414,0.991553586
DeFlaker_okhttp,0.7,32,1199,10,359,22,840,0.190223664,0.464441213,0.000538795,0.665320469,0.791860917,0.590909091,0.984918794,0.590909091,0.995238095,13,4,9,836,0.764705882,0.235294118,0.010650888,0.989349112
DeFlaker_tachyon,0.9,7,609,1,60,6,549,0.036130504,0.329836393,0.0005943,0.285714286,1,0.066666667,0.98990991,0.066666667,1,0.4,0,5.6,549,1,0,0.010097367,0.989902633
DeFlaker_tachyon,0.75,7,609,2,152,5,457,0.090373546,0.275888168,0.000597161,0.333333333,1,0.06,0.98982684,0.06,1,0.3,0,4.7,457,1,0,0.01017977,0.98982023
DeFlaker_tachyon,0.8,7,609,1,122,6,487,0.072319039,0.293858059,0.000596061,0.285714286,1,0.033333333,0.988235294,0.033333333,1,0.2,0,5.8,487,1,0,0.011769481,0.988230519
DeFlaker_tachyon,0.65,7,609,2,213,5,396,0.126087002,0.241439498,0.000602094,0.333333333,1,0.08,0.988528678,0.08,1,0.4,0,4.6,396,1,0,0.011482776,0.988517224
DeFlaker_tachyon,0.15,7,609,6,517,1,92,0.306149041,0.059957839,0.000644708,1,1,0.3,0.992473118,0.3,1,0.3,0,0.7,92,1,0,0.007551241,0.992448759
DeFlaker_tachyon,0.35,7,609,5,395,2,214,0.234267866,0.132697986,0.000614343,0.666666667,1,0.15,0.99212963,0.15,1,0.3,0,1.7,214,1,0,0.007881317,0.992118683
DeFlaker_tachyon,0.25,7,609,5,457,2,152,0.270643851,0.096497939,0.00062661,0.666666667,1,0.15,0.988961039,0.15,1,0.3,0,1.7,152,1,0,0.011060507,0.988939493
DeFlaker_tachyon,0.55,7,609,3,274,4,335,0.162263554,0.205701054,0.000606788,0.4,1,0.125,0.989675516,0.125,1,0.5,0,3.5,335,1,0,0.010339734,0.989660266
DeFlaker_tachyon,0.1,7,609,6,548,1,61,0.324249074,0.041000041,0.000661291,1,1,0.4,0.990322581,0.4,1,0.4,0,0.6,61,1,0,0.00974026,0.99025974
DeFlaker_tachyon,0.3,7,609,5,426,2,183,0.252440614,0.114855953,0.000620843,0.666666667,1,0.25,0.991891892,0.25,1,0.5,0,1.5,183,1,0,0.008130081,0.991869919
DeFlaker_tachyon,0.2,7,609,6,486,1,123,0.287986766,0.07824996,0.000631048,1,1,0.4,0.99516129,0.4,1,0.4,0,0.6,123,1,0,0.004854369,0.995145631
DeFlaker_tachyon,0.6,7,609,3,243,4,366,0.144186851,0.223274956,0.000603446,0.4,1,0.15,0.990810811,0.15,1,0.6,0,3.4,366,1,0,0.009204115,0.990795885
DeFlaker_tachyon,0.85,7,609,1,91,6,518,0.054178434,0.311945825,0.000595316,0.285714286,1,0.066666667,0.989312977,0.066666667,1,0.4,0,5.6,518,1,0,0.010695187,0.989304813
DeFlaker_tachyon,0.7,7,609,2,182,5,427,0.107943657,0.258733675,0.000598921,0.333333333,1,0.12,0.989814815,0.12,1,0.6,0,4.4,427,1,0,0.010199351,0.989800649
DeFlaker_tachyon,0.5,7,609,3.5,304.5,3.5,304.5,0.180507498,0.187326684,0.000608204,0.471428571,1,0.216666667,0.990909091,0.2,1,0.7,0,2.8,304.5,1,0,0.009111617,0.990888383
DeFlaker_tachyon,0.45,7,609,4,334,3,275,0.198062949,0.170263102,0.000612457,0.5,1,0.133333333,0.990647482,0.133333333,1,0.4,0,2.6,275,1,0,0.009365994,0.990634006
DeFlaker_tachyon,0.4,7,609,4,365,3,244,0.216136452,0.151207165,0.000612175,0.5,1,0.2,0.990283401,0.2,1,0.6,0,2.4,244,1,0,0.00974026,0.99025974
iDFlakies_activiti,0.15,20,33,17,28,3,5,0.047422481,0.009428222,0.001178528,0.925714286,0.975,0.9,0.95,0.9,0.98,2.7,0.1,0.3,4.9,0.964285714,0.035714286,0.057692308,0.942307692
iDFlakies_activiti,0.6,20,33,8,13,12,20,0.02229549,0.034668179,0.001083381,0.891997194,0.847376447,0.95,0.9125,0.95,0.89,11.4,2.2,0.6,17.8,0.838235294,0.161764706,0.032608696,0.967391304
iDFlakies_activiti,0.7,20,33,6,9,14,24,0.016032004,0.040775527,0.00107304,0.832039538,0.739170537,0.957142857,0.855263158,0.957142857,0.795833333,13.4,4.9,0.6,19.1,0.732240437,0.267759563,0.030456853,0.969543147
iDFlakies_activiti,0.5,20,33,10,16,10,17,0.027676853,0.02948656,0.001092095,0.886230002,0.826969697,0.96,0.907407407,0.96,0.876470588,9.6,2.1,0.4,14.9,0.820512821,0.179487179,0.026143791,0.973856209
iDFlakies_activiti,0.75,20,33,5,8,15,25,0.014019497,0.042892296,0.001072307,0.831741965,0.746637852,0.946666667,0.8525,0.946666667,0.796,14.2,5.1,0.8,19.9,0.735751295,0.264248705,0.038647343,0.961352657
iDFlakies_activiti,0.4,20,33,12,19,8,14,0.032868449,0.02426288,0.001102858,0.931895425,0.898888889,0.975,0.945454545,0.975,0.928571429,7.8,1,0.2,13,0.886363636,0.113636364,0.015151515,0.984848485
iDFlakies_activiti,0.65,20,33,7,11,13,22,0.019268896,0.037826206,0.001080749,0.819358916,0.731281769,0.946153846,0.84,0.946153846,0.777272727,12.3,4.9,0.7,17.1,0.715116279,0.284883721,0.039325843,0.960674157
iDFlakies_activiti,0.1,20,33,18,29,2,4,0.049516518,0.007389127,0.001231521,0.846666667,0.866666667,0.85,0.9,0.85,0.925,1.7,0.3,0.3,3.7,0.85,0.15,0.075,0.925
iDFlakies_activiti,0.3,20,33,14,23,6,10,0.039099509,0.017873592,0.0011171,0.927905428,0.913095238,0.95,0.94375,0.95,0.94,5.7,0.6,0.3,9.4,0.904761905,0.095238095,0.030927835,0.969072165
iDFlakies_activiti,0.2,20,33,16,26,4,7,0.04434965,0.012776607,0.00116151,0.935555556,0.886666667,1,0.945454545,1,0.914285714,4,0.6,0,6.4,0.869565217,0.130434783,0,1
iDFlakies_activiti,0.55,20,33,9,14,11,19,0.024409359,0.032529612,0.00108432,0.845753346,0.770262515,0.954545455,0.863333333,0.954545455,0.810526316,10.5,3.6,0.5,15.4,0.744680851,0.255319149,0.031446541,0.968553459
iDFlakies_activiti,0.45,20,33,11,18,9,15,0.030675088,0.026233532,0.001093064,0.900833969,0.83953824,0.977777778,0.916666667,0.977777778,0.88,8.8,1.8,0.2,13.2,0.830188679,0.169811321,0.014925373,0.985074627
iDFlakies_activiti,0.8,20,33,4,6,16,27,0.010882987,0.046182158,0.001074004,0.816242799,0.705552518,0.98125,0.827906977,0.98125,0.737037037,15.7,7.1,0.3,19.9,0.688596491,0.311403509,0.014851485,0.985148515
iDFlakies_activiti,0.85,20,33,3,4,17,29,0.007702357,0.049114216,0.0010677,0.795907401,0.803939394,0.805882353,0.841304348,0.805882353,0.862068966,13.7,4,3.3,25,0.774011299,0.225988701,0.116607774,0.883392226
iDFlakies_activiti,0.35,20,33,13,21,7,12,0.0359999,0.021161637,0.00111377,0.908974359,0.872222222,0.957142857,0.926315789,0.957142857,0.908333333,6.7,1.1,0.3,10.9,0.858974359,0.141025641,0.026785714,0.973214286
iDFlakies_activiti,0.25,20,33,15,24,5,9,0.041124418,0.015736782,0.001124056,0.906565657,0.888095238,0.94,0.928571429,0.94,0.922222222,4.7,0.7,0.3,8.3,0.87037037,0.12962963,0.034883721,0.965116279
iDFlakies_apache-hadoop,0.85,68,1053,10,158,58,895,0.108855652,0.627478083,0.000658424,0.24903527,0.694201776,0.170689655,0.940188877,0.170689655,0.990055866,9.9,8.9,48.1,886.1,0.526595745,0.473404255,0.051487904,0.948512096
iDFlakies_apache-hadoop,0.45,68,1053,37,579,31,474,0.398188308,0.344599427,0.000682375,0.588655941,0.858373786,0.45483871,0.961188119,0.45483871,0.994303797,14.1,2.7,16.9,471.3,0.839285714,0.160714286,0.03461696,0.96538304
iDFlakies_apache-hadoop,0.9,68,1053,7,105,61,948,0.072753367,0.662714457,0.000656803,0.216407895,0.775963719,0.139344262,0.943012884,0.139344262,0.994725738,8.5,5,52.5,943,0.62962963,0.37037037,0.052737318,0.947262682
iDFlakies_apache-hadoop,0.8,68,1053,14,210,54,843,0.145037504,0.593454224,0.000661599,0.3571138,0.731214642,0.240740741,0.948383501,0.240740741,0.99371293,13,5.3,41,837.7,0.710382514,0.289617486,0.046659838,0.953340162
iDFlakies_apache-hadoop,0.55,68,1053,31,473,37,580,0.325918351,0.417974081,0.00067743,0.550908888,0.833060012,0.416216216,0.959967585,0.416216216,0.994655172,15.4,3.1,21.6,576.9,0.832432432,0.167567568,0.036090226,0.963909774
iDFlakies_apache-hadoop,0.95,68,1053,3,53,65,1000,0.036598055,0.696606056,0.00065409,0.077891863,0.502264808,0.036923077,0.937652582,0.036923077,0.9962,2.4,3.8,62.6,996.2,0.387096774,0.612903226,0.059123536,0.940876464
iDFlakies_apache-hadoop,0.25,68,1053,51,789,17,264,0.542783208,0.19699126,0.000701037,0.632327074,0.901506827,0.494117647,0.965836299,0.494117647,0.996212121,8.4,1,8.6,263,0.893617021,0.106382979,0.031664212,0.968335788
iDFlakies_apache-hadoop,0.35,68,1053,44,684,24,369,0.470489015,0.270542498,0.000688403,0.599003936,0.854986732,0.470833333,0.962086514,0.470833333,0.99403794,11.3,2.2,12.7,366.8,0.837037037,0.162962963,0.033465086,0.966534914
iDFlakies_apache-hadoop,0.15,68,1053,58,894,10,159,0.615078566,0.122459384,0.000724612,0.572090067,0.849047619,0.45,0.962721893,0.45,0.994968553,4.5,0.8,5.5,158.2,0.849056604,0.150943396,0.033598045,0.966401955
iDFlakies_apache-hadoop,0.6,68,1053,27,421,41,632,0.28957233,0.452800507,0.000672809,0.468511939,0.709728787,0.358536585,0.95141159,0.358536585,0.989873418,14.7,6.4,26.3,625.6,0.696682464,0.303317536,0.040343611,0.959656389
iDFlakies_apache-hadoop,0.7,68,1053,20,316,48,737,0.217221097,0.523479205,0.000666852,0.441207326,0.764264622,0.316666667,0.951082803,0.316666667,0.992401628,15.2,5.6,32.8,731.4,0.730769231,0.269230769,0.042920701,0.957079299
iDFlakies_apache-hadoop,0.5,68,1053,34,526,34,527,0.361927723,0.381219195,0.000679535,0.531475133,0.815630995,0.402941176,0.958110517,0.402941176,0.993927894,13.7,3.2,20.3,523.8,0.810650888,0.189349112,0.037309318,0.962690682
iDFlakies_apache-hadoop,0.4,68,1053,41,631,27,422,0.434445006,0.308552341,0.000687199,0.538233921,0.766509,0.422222222,0.95701559,0.422222222,0.991232227,11.4,3.7,15.6,418.3,0.754966887,0.245033113,0.035952985,0.964047015
iDFlakies_apache-hadoop,0.65,68,1053,24,368,44,685,0.253553247,0.488449686,0.000670027,0.467107834,0.775713183,0.345454545,0.954183813,0.345454545,0.993284672,15.2,4.6,28.8,680.4,0.767676768,0.232323232,0.040609137,0.959390863
iDFlakies_apache-hadoop,0.75,68,1053,17,263,51,790,0.18132499,0.558741525,0.000664378,0.403608547,0.776911663,0.280392157,0.951129608,0.280392157,0.99443038,14.3,4.4,36.7,785.6,0.764705882,0.235294118,0.044630913,0.955369087
iDFlakies_apache-hadoop,0.1,68,1053,61,947,7,106,0.651279081,0.083793833,0.000741538,0.637505828,0.933333333,0.514285714,0.966371681,0.514285714,0.996226415,3.6,0.4,3.4,105.6,0.9,0.1,0.031192661,0.968807339
iDFlakies_apache-hadoop,0.3,68,1053,48,736,20,317,0.506645349,0.233675588,0.000693399,0.608490702,0.910151515,0.465,0.964985163,0.465,0.996529968,9.3,1.1,10.7,315.9,0.894230769,0.105769231,0.032761788,0.967238212
iDFlakies_apache-hadoop,0.2,68,1053,54,842,14,211,0.579000865,0.159779167,0.00071013,0.644720497,0.913095238,0.5,0.965777778,0.5,0.996682464,7,0.7,7,210.3,0.909090909,0.090909091,0.03221353,0.96778647
iDFlakies_apache-incubator-dubbo,0.3,21,486,15,339,6,147,0.198528423,0.090436035,0.000591085,0.27969697,0.323333333,0.25,0.952941176,0.25,0.981632653,1.5,2.7,4.5,144.3,0.357142857,0.642857143,0.030241935,0.969758065
iDFlakies_apache-incubator-dubbo,0.2,21,486,17,388,4,98,0.227023041,0.061467414,0.000602622,0.330793651,0.513333333,0.275,0.957843137,0.275,0.985714286,1.1,1.4,2.9,96.6,0.44,0.56,0.029145729,0.970854271
iDFlakies_apache-incubator-dubbo,0.25,21,486,16,364,5,122,0.213006922,0.075579155,0.000595111,0.243571429,0.323333333,0.2,0.95511811,0.2,0.986065574,1,1.7,4,120.3,0.37037037,0.62962963,0.032180209,0.967819791
iDFlakies_apache-incubator-dubbo,0.1,21,486,19,437,2,49,0.255514003,0.032467997,0.000636627,0.285714286,0.321428571,0.2,0.952941176,0.2,0.983673469,0.4,0.8,1.6,48.2,0.333333333,0.666666667,0.032128514,0.967871486
iDFlakies_apache-incubator-dubbo,0.5,21,486,10,243,11,243,0.141975417,0.147346925,0.000580106,0.347880665,0.68047619,0.245454545,0.961023622,0.245454545,0.993415638,2.7,1.6,8.3,241.4,0.627906977,0.372093023,0.033239888,0.966760112
iDFlakies_apache-incubator-dubbo,0.4,21,486,13,291,8,195,0.170572934,0.118690531,0.000584682,0.287925408,0.493333333,0.2125,0.960098522,0.2125,0.990769231,1.7,1.8,6.3,193.2,0.485714286,0.514285714,0.031578947,0.968421053
iDFlakies_apache-incubator-dubbo,0.35,21,486,14,315,7,171,0.184580695,0.104751873,0.000588494,0.386586747,0.46452381,0.342857143,0.96011236,0.342857143,0.985380117,2.4,2.5,4.6,168.5,0.489795918,0.510204082,0.026574235,0.973425765
iDFlakies_apache-incubator-dubbo,0.6,21,486,8,194,13,292,0.113433212,0.176127614,0.000577468,0.256622316,0.572857143,0.176923077,0.958360656,0.176923077,0.993150685,2.3,2,10.7,290,0.534883721,0.465116279,0.035583638,0.964416362
iDFlakies_apache-incubator-dubbo,0.7,21,486,6,146,15,340,0.085468007,0.203316714,0.000572723,0.218288777,0.50308642,0.133333333,0.956901408,0.133333333,0.993235294,2,2.3,13,337.7,0.465116279,0.534883721,0.03706872,0.96293128
iDFlakies_apache-incubator-dubbo,0.45,21,486,12,266,9,220,0.156134337,0.133412456,0.000582587,0.310886662,0.510238095,0.244444444,0.958951965,0.244444444,0.988181818,2.2,2.6,6.8,217.4,0.458333333,0.541666667,0.030330062,0.969669938
iDFlakies_apache-incubator-dubbo,0.85,21,486,3,73,18,413,0.042892003,0.245123025,0.000568731,0.098711063,0.5,0.038888889,0.958932715,0.038888889,0.999031477,0.7,0.4,17.3,412.6,0.636363636,0.363636364,0.040241917,0.959758083
iDFlakies_apache-incubator-dubbo,0.95,21,486,1,24,20,462,0.014388261,0.27295011,0.000566287,0.073142857,0.64,0.02,0.958298755,0.02,0.998917749,0.4,0.5,19.6,461.5,0.444444444,0.555555556,0.040739971,0.959260029
iDFlakies_apache-incubator-dubbo,0.55,21,486,9,219,12,267,0.127982247,0.161257818,0.000577985,0.227953292,0.532857143,0.158333333,0.955555556,0.158333333,0.991385768,1.9,2.3,10.1,264.7,0.452380952,0.547619048,0.036754003,0.963245997
iDFlakies_apache-incubator-dubbo,0.65,21,486,7,170,14,316,0.099402771,0.189329985,0.000573727,0.203210526,0.520606061,0.135714286,0.956666667,0.135714286,0.993037975,1.9,2.2,12.1,313.8,0.463414634,0.536585366,0.037127953,0.962872047
iDFlakies_apache-incubator-dubbo,0.75,21,486,5,121,16,365,0.070890278,0.217550715,0.000570999,0.190810047,0.561666667,0.11875,0.958267717,0.11875,0.995068493,1.9,1.8,14.1,363.2,0.513513514,0.486486486,0.037370792,0.962629208
iDFlakies_apache-incubator-dubbo,0.9,21,486,2,48,19,438,0.028393853,0.259315959,0.000567431,0.12305038,0.666666667,0.042105263,0.958862144,0.042105263,0.998630137,0.8,0.6,18.2,437.4,0.571428571,0.428571429,0.039947322,0.960052678
iDFlakies_apache-incubator-dubbo,0.8,21,486,4,97,17,389,0.05688525,0.231268568,0.000569627,0.132281883,0.514814815,0.070588235,0.958374384,0.070588235,0.997172237,1.2,1.1,15.8,387.9,0.52173913,0.47826087,0.039137974,0.960862026
iDFlakies_apache-incubator-dubbo,0.15,21,486,18,412,3,74,0.240982796,0.047258662,0.000613749,0.404761905,0.423809524,0.333333333,0.957142857,0.333333333,0.982432432,1,1.3,2,72.7,0.434782609,0.565217391,0.026773762,0.973226238
iDFlakies_elastic-job-lite,0.25,10,775,7,581,3,194,0.297528163,0.108790101,0.000552234,-,-,0,0.984771574,0,1,0,0,3,194,-,-,-,-
iDFlakies_elastic-job-lite,0.35,10,775,6,504,4,271,0.258163515,0.148489888,0.000539963,-,-,0,0.985454545,0,1,0,0,4,271,-,-,-,-
iDFlakies_elastic-job-lite,0.5,10,775,5,387,5,388,0.198325497,0.208192849,0.000529753,0,0,0,0.986513995,0,0.999226804,0,0.3,5,387.7,0,1,0.012732366,0.987267634
iDFlakies_elastic-job-lite,0.4,10,775,6,465,4,310,0.238443252,0.16915499,0.00053871,-,-,0,0.987261146,0,1,0,0,4,310,-,-,-,-
iDFlakies_elastic-job-lite,0.45,10,775,5,426,5,349,0.218023802,0.188552879,0.000532635,-,-,0,0.985875706,0,1,0,0,5,349,-,-,-,-
iDFlakies_elastic-job-lite,0.6,10,775,4,310,6,465,0.15906866,0.247836643,0.000526192,0.285714286,1,0.033333333,0.987685775,0.033333333,1,0.2,0,5.8,465,1,0,0.012319456,0.987680544
iDFlakies_elastic-job-lite,0.7,10,775,3,232,7,543,0.1191151,0.28682297,0.000521496,0.25,1,0.028571429,0.987636364,0.028571429,1,0.2,0,6.8,543,1,0,0.012368134,0.987631866
iDFlakies_elastic-job-lite,0.85,10,775,1,116,9,659,0.059620017,0.344829553,0.000516212,0.158823529,0.5625,0.022222222,0.985778443,0.022222222,0.998937785,0.2,0.7,8.8,658.3,0.222222222,0.777777778,0.013191426,0.986808574
iDFlakies_elastic-job-lite,0.3,10,775,7,542,3,233,0.277883056,0.128966359,0.000546468,-,-,0,0.987288136,0,1,0,0,3,233,-,-,-,-
iDFlakies_elastic-job-lite,0.2,10,775,8,620,2,155,0.317756317,0.088009592,0.000560571,-,-,0,0.987261146,0,1,0,0,2,155,-,-,-,-
iDFlakies_elastic-job-lite,0.55,10,775,4,349,6,426,0.178765057,0.229124323,0.00053038,0.142857143,0.5,0.016666667,0.986111111,0.016666667,0.999765258,0.1,0.1,5.9,425.9,0.5,0.5,0.013663733,0.986336267
iDFlakies_elastic-job-lite,0.1,10,775,9,697,1,78,0.357198718,0.046936526,0.000594133,-,-,0,0.987341772,0,1,0,0,1,78,-,-,-,-
iDFlakies_elastic-job-lite,0.65,10,775,3,271,7,504,0.138888503,0.267992361,0.000524447,-,-,0,0.98630137,0,1,0,0,7,504,-,-,-,-
iDFlakies_elastic-job-lite,0.9,10,775,1,77,9,698,0.039771047,0.364135827,0.000515044,0.2,1,0.011111111,0.987411598,0.011111111,1,0.1,0,8.9,698,1,0,0.012590182,0.987409818
iDFlakies_elastic-job-lite,0.8,10,775,2,155,8,620,0.079667388,0.3254119,0.000518172,0.166666667,0.75,0.0375,0.987261146,0.0375,0.999516129,0.3,0.3,7.7,619.7,0.5,0.5,0.012272872,0.987727128
iDFlakies_elastic-job-lite,0.75,10,775,2,194,8,581,0.099395065,0.306319267,0.000520067,0.12962963,0.416666667,0.025,0.984889643,0.025,0.998106713,0.2,1.1,7.8,579.9,0.153846154,0.846153846,0.013272078,0.986727922
iDFlakies_elastic-job-lite,0.15,10,775,8,659,2,116,0.337466899,0.067410645,0.000571277,-,-,0,0.983050847,0,1,0,0,2,116,-,-,-,-
iDFlakies_http-request,0.55,28,140,12.5,62.5,15.5,77.5,0.049780438,0.062966967,0.000677064,0.854699158,0.902176867,0.825,0.953763441,0.825806452,0.979354839,12.8,1.6,2.7,75.9,0.888888889,0.111111111,0.034351145,0.965648855
iDFlakies_http-request,0.95,28,140,1,7,27,133,0.005634695,0.106681091,0.000666757,0.661009045,1,0.4,0.89875,0.4,1,10.8,0,16.2,133,1,0,0.108579088,0.891420912
iDFlakies_http-request,0.85,28,140,4,21,24,119,0.016851171,0.095726524,0.000669416,0.854008318,0.939669882,0.7875,0.954545455,0.7875,0.988235294,18.9,1.4,5.1,117.6,0.931034483,0.068965517,0.041564792,0.958435208
iDFlakies_http-request,0.45,28,140,15,77,13,63,0.060905478,0.051503227,0.000677674,0.901919485,0.9504329,0.861538462,0.968421053,0.861538462,0.99047619,11.2,0.6,1.8,62.4,0.949152542,0.050847458,0.028037383,0.971962617
iDFlakies_http-request,0.35,28,140,18,91,10,49,0.072107847,0.040354372,0.000683972,0.872411421,0.951388889,0.81,0.961016949,0.81,0.991836735,8.1,0.4,1.9,48.6,0.952941176,0.047058824,0.037623762,0.962376238
iDFlakies_http-request,0.9,28,140,3,13,25,127,0.010899654,0.101435188,0.000667337,0.844478325,0.977272727,0.748,0.955263158,0.748,0.996062992,18.7,0.5,6.3,126.5,0.973958333,0.026041667,0.047439759,0.952560241
iDFlakies_http-request,0.8,28,140,5.3,27.7,22.7,112.3,0.022108517,0.090362021,0.000669348,0.817791047,0.873348485,0.775494071,0.941481481,0.775330396,0.975066785,17.6,2.8,5.1,109.5,0.862745098,0.137254902,0.044502618,0.955497382
iDFlakies_http-request,0.25,28,140,21,105,7,35,0.083303799,0.029085352,0.000692508,0.93025641,0.975,0.9,0.978571429,0.9,0.994285714,6.3,0.2,0.7,34.8,0.969230769,0.030769231,0.01971831,0.98028169
iDFlakies_http-request,0.6,28,140,11,56,17,84,0.04446141,0.068009497,0.000673361,0.865533969,0.931685464,0.811764706,0.957425743,0.811764706,0.986904762,13.8,1.1,3.2,82.9,0.926174497,0.073825503,0.037166086,0.962833914
iDFlakies_http-request,0.7,28,140,8,42,20,98,0.033348518,0.079443999,0.000673254,0.850699323,0.883188776,0.825,0.950847458,0.825,0.976530612,16.5,2.3,3.5,95.7,0.877659574,0.122340426,0.035282258,0.964717742
iDFlakies_http-request,0.5,28,140,14,70,14,70,0.055680981,0.056859524,0.000676899,0.905648183,0.945805861,0.871428571,0.970238095,0.871428571,0.99,12.2,0.7,1.8,69.3,0.945736434,0.054263566,0.025316456,0.974683544
iDFlakies_http-request,0.4,28,140,17,83,11,57,0.06617268,0.046216676,0.000679657,0.89302852,0.942020202,0.854545455,0.967647059,0.854545455,0.989473684,9.4,0.6,1.6,56.4,0.94,0.06,0.027586207,0.972413793
iDFlakies_http-request,0.15,28,140,24,118,4,22,0.09386269,0.018586733,0.000714874,0.866984127,0.98,0.825,0.969230769,0.825,0.995454545,3.3,0.1,0.7,21.9,0.970588235,0.029411765,0.030973451,0.969026549
iDFlakies_http-request,0.1,28,140,25,126,3,14,0.099748066,0.012585953,0.00074035,0.866666667,0.966666667,0.8,0.958823529,0.8,0.992857143,2.4,0.1,0.6,13.9,0.96,0.04,0.04137931,0.95862069
iDFlakies_http-request,0.3,28,140,19.4,97.6,8.6,42.4,0.077362783,0.035106879,0.00068837,0.91431606,0.972222222,0.868055556,0.974509804,0.872093023,0.995283019,7.5,0.2,1.1,42.2,0.974025974,0.025974026,0.025404157,0.974595843
iDFlakies_http-request,0.2,28,140,22,112,6,28,0.088594136,0.023821496,0.000700632,0.965034965,0.985714286,0.95,0.988235294,0.95,0.996428571,5.7,0.1,0.3,27.9,0.982758621,0.017241379,0.010638298,0.989361702
iDFlakies_http-request,0.75,28,140,7,35,21,105,0.028011805,0.084524215,0.000670827,0.857285552,0.900158796,0.823809524,0.953968254,0.823809524,0.98,17.3,2.1,3.7,102.9,0.891752577,0.108247423,0.034709193,0.965290807
iDFlakies_http-request,0.65,28,140,10,48,18,92,0.038552166,0.073998749,0.000672716,0.867722448,0.918235294,0.827777778,0.958181818,0.827777778,0.983695652,14.9,1.5,3.1,90.5,0.908536585,0.091463415,0.033119658,0.966880342
iDFlakies_java-websocket,0.5,52,436,26,218,26,218,0.12560681,0.129924338,0.000532477,0.825101244,0.804151856,0.861538462,0.961065574,0.861538462,0.97293578,22.4,5.9,3.6,212.1,0.791519435,0.208480565,0.016689847,0.983310153
iDFlakies_java-websocket,0.4,52,436,31,261,21,175,0.150297847,0.105079891,0.000536122,0.819403685,0.78785753,0.866666667,0.959693878,0.866666667,0.970857143,18.2,5.1,2.8,169.9,0.78111588,0.21888412,0.016213086,0.983786914
iDFlakies_java-websocket,0.6,52,436,21,174,31,262,0.10045867,0.154831745,0.000528436,0.781302486,0.76239607,0.809677419,0.95221843,0.809677419,0.969083969,25.1,8.1,5.9,253.9,0.756024096,0.243975904,0.022709777,0.977290223
iDFlakies_java-websocket,0.75,52,436,13,109,39,327,0.062971271,0.192252324,0.00052528,0.737027128,0.69468155,0.794871795,0.93989071,0.794871795,0.957186544,31,14,8,313,0.688888889,0.311111111,0.024922118,0.975077882
iDFlakies_java-websocket,0.7,52,436,16,130,36,306,0.075284353,0.179743563,0.000525566,0.717907779,0.663962746,0.808333333,0.931578947,0.808333333,0.946078431,29.1,16.5,6.9,289.5,0.638157895,0.361842105,0.023279352,0.976720648
iDFlakies_java-websocket,0.3,52,436,36,305,16,131,0.175422661,0.079871345,0.000543342,0.821364711,0.806450586,0.85625,0.959863946,0.85625,0.972519084,13.7,3.6,2.3,127.4,0.791907514,0.208092486,0.017733231,0.982266769
iDFlakies_java-websocket,0.65,52,436,18,152,34,284,0.087601269,0.167874961,0.000527909,0.767475974,0.754064267,0.802941176,0.948113208,0.802941176,0.965492958,27.3,9.8,6.7,274.2,0.735849057,0.264150943,0.023851905,0.976148095
iDFlakies_java-websocket,0.2,52,436,42,348,10,88,0.200615393,0.054391865,0.000555019,0.865859435,0.843787879,0.9,0.971428571,0.9,0.979545455,9,1.8,1,86.2,0.833333333,0.166666667,0.01146789,0.98853211
iDFlakies_java-websocket,0.1,52,436,47,392,5,44,0.225738772,0.028971182,0.000591249,0.857727273,0.824285714,0.92,0.969387755,0.92,0.975,4.6,1.1,0.4,42.9,0.807017544,0.192982456,0.009237875,0.990762125
iDFlakies_java-websocket,0.15,52,436,44,370,8,66,0.212910068,0.041850379,0.000565546,0.869000934,0.797094017,0.9625,0.967567568,0.9625,0.968181818,7.7,2.1,0.3,63.9,0.785714286,0.214285714,0.004672897,0.995327103
iDFlakies_java-websocket,0.35,52,436,34,283,18,153,0.163158718,0.092445331,0.000540616,0.798152955,0.796497196,0.816666667,0.957309942,0.816666667,0.973856209,14.7,4,3.3,149,0.786096257,0.213903743,0.021667761,0.978332239
iDFlakies_java-websocket,0.25,52,436,39,327,13,109,0.18828556,0.067010389,0.000549265,0.859098396,0.820323476,0.907692308,0.968032787,0.907692308,0.975229358,11.8,2.7,1.2,106.3,0.813793103,0.186206897,0.011162791,0.988837209
iDFlakies_java-websocket,0.95,52,436,3,21,49,415,0.012726359,0.241543144,0.000520567,0.685297209,0.735977138,0.681632653,0.940301724,0.681632653,0.970843373,33.4,12.1,15.6,402.9,0.734065934,0.265934066,0.037275986,0.962724014
iDFlakies_java-websocket,0.55,52,436,23,196,29,240,0.112791892,0.142794521,0.000530835,0.8119999,0.781803075,0.851724138,0.957249071,0.851724138,0.97,24.7,7.2,4.3,232.8,0.774294671,0.225705329,0.018135808,0.981864192
iDFlakies_java-websocket,0.45,52,436,29,239,23,197,0.138071499,0.118152525,0.000537057,0.817795529,0.783063196,0.860869565,0.960454545,0.860869565,0.972081218,19.8,5.5,3.2,191.5,0.782608696,0.217391304,0.016435542,0.983564458
iDFlakies_java-websocket,0.9,52,436,5,43,47,393,0.025027926,0.229172763,0.000520847,0.652144339,0.54689047,0.84893617,0.900227273,0.84893617,0.906361323,39.9,36.8,7.1,356.2,0.520208605,0.479791395,0.019543077,0.980456923
iDFlakies_java-websocket,0.85,52,436,8,65,44,371,0.037880921,0.216935257,0.000522736,0.679491339,0.548746571,0.913636364,0.905060241,0.913636364,0.904043127,40.2,35.6,3.8,335.4,0.530343008,0.469656992,0.01120283,0.98879717
iDFlakies_java-websocket,0.8,52,436,10,87,42,349,0.050177647,0.204582762,0.00052323,0.719148154,0.623396334,0.869047619,0.925831202,0.869047619,0.932664756,36.5,23.5,5.5,325.5,0.608333333,0.391666667,0.016616314,0.983383686
iDFlakies_retrofit,0.15,9,415,8,352,1,63,0.243477323,0.051147524,0.00079918,0.476190476,0.428571429,0.4,0.9765625,0.4,0.985714286,0.4,0.9,0.6,62.1,0.307692308,0.692307692,0.009569378,0.990430622
iDFlakies_retrofit,0.75,9,415,2,104,7,311,0.071404244,0.219859141,0.000691381,0.166767677,0.391666667,0.114285714,0.97672956,0.114285714,0.996141479,0.8,1.2,6.2,309.8,0.4,0.6,0.019620253,0.980379747
iDFlakies_retrofit,0.1,9,415,8,373,1,42,0.255805574,0.034562789,0.000803786,0.844444444,0.791666667,0.6,0.981395349,0.6,0.99047619,0.6,0.4,0.4,41.6,0.6,0.4,0.00952381,0.99047619
iDFlakies_retrofit,0.2,9,415,7,332,2,83,0.227649728,0.071045425,0.000835829,0.458333333,0.625,0.3,0.977647059,0.3,0.993975904,0.6,0.5,1.4,82.5,0.545454545,0.454545455,0.016686532,0.983313468
iDFlakies_retrofit,0.3,9,415,6,290,3,125,0.198911679,0.092303583,0.000721122,0.376190476,0.472222222,0.3,0.975,0.3,0.9912,0.9,1.1,2.1,123.9,0.45,0.55,0.016666667,0.983333333
iDFlakies_retrofit,0.7,9,415,3,124,6,291,0.085414756,0.205566979,0.000692145,0.179969336,0.316666667,0.116666667,0.977441077,0.116666667,0.995189003,0.7,1.4,5.3,289.6,0.333333333,0.666666667,0.017972194,0.982027806
iDFlakies_retrofit,0.6,9,415,4,165,5,250,0.113312306,0.175804351,0.000689429,0.195943563,0.287654321,0.16,0.97372549,0.16,0.99,0.8,2.5,4.2,247.5,0.242424242,0.757575758,0.016686532,0.983313468
iDFlakies_retrofit,0.4,9,415,5,249,4,166,0.17021931,0.119879379,0.000705173,0.255102041,0.428571429,0.15,0.973529412,0.15,0.993373494,0.6,1.1,3.4,164.9,0.352941176,0.647058824,0.02020202,0.97979798
iDFlakies_retrofit,0.5,9,415,4.3,207.7,4.7,207.3,0.142089825,0.146566351,0.000691351,0.245917277,0.266269841,0.205,0.970754717,0.191489362,0.988422576,0.9,2.4,3.8,204.9,0.272727273,0.727272727,0.018207954,0.981792046
iDFlakies_retrofit,0.65,9,415,3,145,6,270,0.099562731,0.191823415,0.000695012,0.214935065,0.39,0.166666667,0.976811594,0.166666667,0.994814815,1,1.4,5,268.6,0.416666667,0.583333333,0.018274854,0.981725146
iDFlakies_retrofit,0.8,9,415,2,82,7,333,0.056672684,0.234268596,0.000689025,0.202706553,0.425925926,0.128571429,0.978235294,0.128571429,0.996096096,0.9,1.3,6.1,331.7,0.409090909,0.590909091,0.018058022,0.981941978
iDFlakies_retrofit,0.9,9,415,1,41,8,374,0.028873726,0.265510369,0.000695053,0.162962963,0.555555556,0.0875,0.979319372,0.0875,0.998395722,0.7,0.6,7.3,373.4,0.538461538,0.461538462,0.019175204,0.980824796
iDFlakies_retrofit,0.55,9,415,4,186,5,229,0.127494885,0.161004507,0.000688053,0.237698413,0.363888889,0.2,0.975213675,0.2,0.992139738,1,1.8,4,227.2,0.357142857,0.642857143,0.017301038,0.982698962
iDFlakies_retrofit,0.85,9,415,1,62,8,353,0.042850285,0.253109962,0.000701136,0.080555556,0.3125,0.0375,0.97700831,0.0375,0.998300283,0.3,0.6,7.7,352.4,0.333333333,0.666666667,0.021382949,0.978617051
iDFlakies_retrofit,0.45,9,415,5,228,4,187,0.156344114,0.132918228,0.000695907,0.293931377,0.341005291,0.25,0.97382199,0.25,0.989304813,1,2,3,185,0.333333333,0.666666667,0.015957447,0.984042553
iDFlakies_retrofit,0.35,9,415,6,269,3,146,0.18446528,0.105905293,0.000710774,0.32,0.45,0.266666667,0.977181208,0.266666667,0.991780822,0.8,1.2,2.2,144.8,0.4,0.6,0.014965986,0.985034014
iDFlakies_retrofit,0.25,9,415,7,311,2,104,0.21365459,0.079354216,0.000748625,0.416666667,0.55,0.35,0.978301887,0.35,0.990384615,0.7,1,1.3,103,0.411764706,0.588235294,0.012464046,0.987535954
iDFlakies_vertx-rabbitmq-client,0.6,7,37,3,14,4,23,0.0310812,0.05015277,0.00185751,0,0,0,0.814814815,0,0.956521739,0,1,4,22,0,1,0.153846154,0.846153846
iDFlakies_vertx-rabbitmq-client,0.7,7,37,2,11,5,26,0.023953332,0.057304888,0.001848545,-,-,0,0.838709677,0,1,0,0,5,26,-,-,-,-
iDFlakies_vertx-rabbitmq-client,0.5,7,37,3.4,18.6,3.6,18.4,0.041093237,0.050092317,0.002276923,0,0,0,0.822727273,0,0.983695652,0,0.3,3.6,18.1,0,1,0.165898618,0.834101382
iDFlakies_vertx-rabbitmq-client,0.4,7,37,4,22,3,15,0.049044553,0.034964244,0.001942458,0,0,0,0.805555556,0,0.966666667,0,0.5,3,14.5,0,1,0.171428571,0.828571429
iDFlakies_vertx-rabbitmq-client,0.55,7,37,3,16,4,21,0.041411142,0.054157399,0.002166296,0,0,0,0.82,0,0.976190476,0,0.5,4,20.5,0,1,0.163265306,0.836734694
iDFlakies_vertx-rabbitmq-client,0.45,7,37,4,20,3,17,0.043875764,0.039258738,0.001962937,0.122222222,0.138888889,0.066666667,0.815,0.066666667,0.947058824,0.2,0.9,2.8,16.1,0.181818182,0.818181818,0.148148148,0.851851852
iDFlakies_vertx-rabbitmq-client,0.1,7,37,6,33,1,4,0.071127408,0.012030567,0.002406113,0,0,0,0.78,0,0.975,0,0.1,1,3.9,0,1,0.204081633,0.795918367
iDFlakies_vertx-rabbitmq-client,0.3,7,37,5,25,2,12,0.055029027,0.032726476,0.002337605,0.08,0.066666667,0.05,0.821428571,0.05,0.95,0.1,0.6,1.9,11.4,0.142857143,0.857142857,0.142857143,0.857142857
iDFlakies_vertx-rabbitmq-client,0.2,7,37,6,29,1,8,0.063768207,0.019306933,0.002145215,0,0,0,0.8,0,0.9,0,0.8,1,7.2,0,1,0.12195122,0.87804878
iDFlakies_vertx-rabbitmq-client,0.35,7,37,4,24,3,13,0.051185257,0.046689487,0.002918093,0,0,0,0.79375,0,0.976923077,0,0.3,3,12.7,0,1,0.191082803,0.808917197
iDFlakies_vertx-rabbitmq-client,0.25,7,37,5,28,2,9,0.062327438,0.030146788,0.002740617,0,0,0,0.781818182,0,0.955555556,0,0.4,2,8.6,0,1,0.188679245,0.811320755
iDFlakies_vertx-rabbitmq-client,0.15,7,37,6,31,1,6,0.067799367,0.015693218,0.002241888,0,0,0,0.771428571,0,0.9,0,0.6,1,5.4,0,1,0.15625,0.84375
iDFlakies_vertx-rabbitmq-client,0.75,7,37,2,9,5,28,0.021929895,0.061282665,0.00185705,-,-,0,0.848484848,0,1,0,0,5,28,-,-,-,-
iDFlakies_vertx-rabbitmq-client,0.8,7,37,1,7,6,30,0.014854865,0.066292028,0.001841445,-,-,0,0.833333333,0,1,0,0,6,30,-,-,-,-
iDFlakies_vertx-rabbitmq-client,0.65,7,37,2,13,5,24,0.027945402,0.053825632,0.001856056,-,-,0,0.827586207,0,1,0,0,5,24,-,-,-,-
iDFlakies_wildfly,0.35,43,72,28,46,15,26,0.279290404,0.156432884,0.003815436,0.690333587,0.750848537,0.653333333,0.787804878,0.653333333,0.865384615,9.8,3.5,5.2,22.5,0.736842105,0.263157895,0.187725632,0.812274368
iDFlakies_wildfly,0.9,43,72,4,7,39,65,0.043121192,0.407847411,0.00392161,0.342106034,0.709625992,0.246153846,0.6625,0.246153846,0.912307692,9.6,5.7,29.4,59.3,0.62745098,0.37254902,0.33145434,0.66854566
iDFlakies_wildfly,0.25,43,72,32,54,11,18,0.324441616,0.111434733,0.003842577,0.733966595,0.760036353,0.727272727,0.8,0.727272727,0.844444444,8,2.8,3,15.2,0.740740741,0.259259259,0.164835165,0.835164835
iDFlakies_wildfly,0.8,43,72,9,14,34,58,0.087354742,0.349522934,0.003799162,0.576479411,0.691039615,0.526470588,0.716304348,0.526470588,0.827586207,17.9,10,16.1,48,0.641577061,0.358422939,0.251170047,0.748829953
iDFlakies_wildfly,0.55,43,72,19,32,24,40,0.19291715,0.244764886,0.003824451,0.660372792,0.783459851,0.5875,0.78125,0.5875,0.8975,14.1,4.1,9.9,35.9,0.774725275,0.225274725,0.216157205,0.783842795
iDFlakies_wildfly,0.45,43,72,24,39,19,33,0.237908498,0.198135509,0.003810298,0.693294928,0.752065826,0.647368421,0.792307692,0.647368421,0.875757576,12.3,4.1,6.7,28.9,0.75,0.25,0.188202247,0.811797753
iDFlakies_wildfly,0.85,43,72,6,11,37,61,0.064977118,0.372125089,0.003797195,0.42687234,0.66268503,0.340540541,0.671428571,0.340540541,0.872131148,12.6,7.8,24.4,53.2,0.617647059,0.382352941,0.31443299,0.68556701
iDFlakies_wildfly,0.75,43,72,10,18,33,54,0.106302063,0.331018894,0.003804815,0.590869466,0.76972709,0.503030303,0.74137931,0.503030303,0.887037037,16.6,6.1,16.4,47.9,0.731277533,0.268722467,0.255054432,0.744945568
iDFlakies_wildfly,0.65,43,72,15,25,28,47,0.151256797,0.285799116,0.003810655,0.685493471,0.772930536,0.632142857,0.785333333,0.632142857,0.876595745,17.7,5.8,10.3,41.2,0.753191489,0.246808511,0.2,0.8
iDFlakies_wildfly,0.5,43,72,21,36,22,36,0.215231774,0.220678934,0.003804809,0.681178262,0.772282695,0.613636364,0.782758621,0.613636364,0.886111111,13.5,4.1,8.5,31.9,0.767045455,0.232954545,0.21039604,0.78960396
iDFlakies_wildfly,0.15,43,72,36,61,7,11,0.365931748,0.070303822,0.003905768,0.740751405,0.8325,0.685714286,0.811111111,0.685714286,0.890909091,4.8,1.2,2.2,9.8,0.8,0.2,0.183333333,0.816666667
iDFlakies_wildfly,0.4,43,72,26,43,17,29,0.260584192,0.175671589,0.003818948,0.656439107,0.720968313,0.611764706,0.77173913,0.611764706,0.865517241,10.4,3.9,6.6,25.1,0.727272727,0.272727273,0.208201893,0.791798107
iDFlakies_wildfly,0.6,43,72,17,29,26,43,0.173857979,0.262108197,0.00379867,0.647329057,0.777448053,0.569230769,0.769565217,0.569230769,0.890697674,14.8,4.7,11.2,38.3,0.758974359,0.241025641,0.226262626,0.773737374
iDFlakies_wildfly,0.7,43,72,13,21,30,51,0.128822595,0.307965301,0.003802041,0.631957081,0.673328007,0.626666667,0.738271605,0.626666667,0.803921569,18.8,10,11.2,41,0.652777778,0.347222222,0.214559387,0.785440613
iDFlakies_wildfly,0.3,43,72,30,50,13,22,0.302166522,0.134519485,0.003843414,0.711667189,0.733492063,0.707692308,0.797142857,0.707692308,0.85,9.2,3.3,3.8,18.7,0.736,0.264,0.168888889,0.831111111
iDFlakies_wildfly,0.2,43,72,34,58,9,14,0.347034693,0.088370105,0.003842178,0.75871517,0.818441558,0.722222222,0.826086957,0.722222222,0.892857143,6.5,1.5,2.5,12.5,0.8125,0.1875,0.166666667,0.833333333
iDFlakies_wildfly,0.1,43,72,39,64,4,8,0.388419579,0.04685437,0.003904531,0.75,0.836666667,0.7,0.841666667,0.7,0.9125,2.8,0.7,1.2,7.3,0.8,0.2,0.141176471,0.858823529
PalombaEtAl_ant-ivy,0.25,764,411,573,308,191,103,0.433736371,0.163147624,0.000554924,0.92577742,0.93317623,0.918848168,0.904421769,0.918848168,0.877669903,175.5,12.6,15.5,90.4,0.933014354,0.066985646,0.146364495,0.853635505
PalombaEtAl_ant-ivy,0.35,764,411,496,267,268,144,0.375948449,0.222707185,0.000540551,0.923541625,0.932665601,0.914925373,0.901456311,0.914925373,0.876388889,245.2,17.8,22.8,126.2,0.932319392,0.067680608,0.153020134,0.846979866
PalombaEtAl_ant-ivy,0.85,764,411,114,62,650,349,0.087025059,0.50675319,0.00050726,0.877078439,0.878550847,0.876153846,0.84024024,0.876153846,0.773352436,569.5,79.1,80.5,269.9,0.87804502,0.12195498,0.229737443,0.770262557
PalombaEtAl_ant-ivy,0.8,764,411,153,82,611,329,0.116058215,0.479416263,0.000510017,0.888888722,0.889943443,0.888379705,0.855851064,0.888379705,0.795440729,542.8,67.3,68.2,261.7,0.889690215,0.110309785,0.206729312,0.793270688
PalombaEtAl_ant-ivy,0.9,764,411,76,41,688,370,0.058273501,0.532921539,0.000503707,0.860493541,0.858676362,0.863372093,0.818241966,0.863372093,0.734324324,594,98.3,94,271.7,0.858009533,0.141990467,0.257041291,0.742958709
PalombaEtAl_ant-ivy,0.45,764,411,420,226,344,185,0.318206754,0.280413697,0.000530083,0.928714943,0.937389841,0.920348837,0.908128544,0.920348837,0.885405405,316.6,21.2,27.4,163.8,0.937240971,0.062759029,0.143305439,0.856694561
PalombaEtAl_ant-ivy,0.55,764,411,343,185,421,226,0.260545996,0.338557843,0.000523273,0.912762155,0.924585395,0.901662708,0.887944359,0.901662708,0.862389381,379.6,31.1,41.4,194.9,0.924275627,0.075724373,0.175201016,0.824798984
PalombaEtAl_ant-ivy,0.95,764,411,38,20,726,391,0.029019097,0.560689952,0.000501961,0.828596886,0.781909446,0.883608815,0.762757386,0.883608815,0.538363171,641.5,180.5,84.5,210.5,0.780413625,0.219586375,0.286440678,0.713559322
PalombaEtAl_ant-ivy,0.1,764,411,687,370,77,41,0.520067776,0.071632374,0.000607054,0.936012224,0.94735539,0.925974026,0.91779661,0.925974026,0.902439024,71.3,4,5.7,37,0.94687915,0.05312085,0.133489461,0.866510539
PalombaEtAl_ant-ivy,0.2,764,411,611,329,153,82,0.462598879,0.133749271,0.000569146,0.935483062,0.941285061,0.930065359,0.916595745,0.930065359,0.891463415,142.3,8.9,10.7,73.1,0.941137566,0.058862434,0.127684964,0.872315036
PalombaEtAl_ant-ivy,0.3,764,411,534,288,230,123,0.404805326,0.193149456,0.000547166,0.929797236,0.940896375,0.919130435,0.909631728,0.919130435,0.891869919,211.4,13.3,18.6,109.7,0.940809969,0.059190031,0.14497272,0.85502728
PalombaEtAl_ant-ivy,0.65,764,411,267,144,497,267,0.202463688,0.394904074,0.00051689,0.907598067,0.912653738,0.902816901,0.880366492,0.902816901,0.838576779,448.7,43.1,48.3,223.9,0.912362749,0.087637251,0.177443057,0.822556943
PalombaEtAl_ant-ivy,0.75,764,411,191,102,573,309,0.144482521,0.455392315,0.000516318,0.89768082,0.902795526,0.893019197,0.867913832,0.893019197,0.821359223,511.7,55.2,61.3,253.8,0.90262833,0.09737167,0.194541415,0.805458585
PalombaEtAl_ant-ivy,0.7,764,411,229,123,535,288,0.173521401,0.423360173,0.000514411,0.903393671,0.90694392,0.9,0.874848117,0.9,0.828125,481.5,49.5,53.5,238.5,0.906779661,0.093220339,0.183219178,0.816780822
PalombaEtAl_ant-ivy,0.6,764,411,306,164,458,247,0.231386882,0.366641771,0.000520059,0.913454203,0.923616008,0.90371179,0.888794326,0.90371179,0.861133603,413.9,34.3,44.1,212.7,0.923471664,0.076528336,0.171728972,0.828271028
PalombaEtAl_ant-ivy,0.4,764,411,458,247,306,164,0.347314062,0.251566202,0.000535247,0.927566549,0.936657686,0.918954248,0.906595745,0.918954248,0.883536585,281.2,19.1,24.8,144.9,0.936396936,0.063603064,0.146140247,0.853859753
PalombaEtAl_ant-ivy,0.5,764,411,382,205,382,206,0.288795193,0.310069123,0.000527328,0.922371517,0.930154129,0.914921466,0.9,0.914921466,0.872330097,349.5,26.3,32.5,179.7,0.930015966,0.069984034,0.153157399,0.846842601
PalombaEtAl_ant-ivy,0.15,764,411,649,349,115,62,0.491144503,0.103580018,0.000585198,0.93328958,0.946607016,0.920869565,0.914689266,0.920869565,0.903225806,105.9,6,9.1,56,0.946380697,0.053619303,0.139784946,0.860215054
PalombaEtAl_apache-derby,0.15,84,10060,71,8551,13,1509,5.847432765,1.812166357,0.001190648,0.381344538,0.870714286,0.253846154,0.993232589,0.253846154,0.999602386,3.3,0.6,9.7,1508.4,0.846153846,0.153846154,0.006389566,0.993610434
PalombaEtAl_apache-derby,0.75,84,10060,21,2515,63,7545,1.719719668,6.222027256,0.000817827,0.197621367,0.849102009,0.114285714,0.992507886,0.114285714,0.999840954,7.2,1.2,55.8,7543.8,0.857142857,0.142857143,0.007342492,0.992657508
PalombaEtAl_apache-derby,0.65,84,10060,29,3521,55,6539,2.407182639,5.725206777,0.000868245,0.268624952,0.925992063,0.158181818,0.992887473,0.158181818,0.999908243,8.7,0.6,46.3,6538.4,0.935483871,0.064516129,0.007031452,0.992968548
PalombaEtAl_apache-derby,0.9,84,10060,8,1006,76,9054,0.68822954,6.757736535,0.000740168,0.090866344,0.816341066,0.044736842,0.991938664,0.044736842,0.999889552,3.4,1,72.6,9053,0.772727273,0.227272727,0.007955641,0.992044359
PalombaEtAl_apache-derby,0.8,84,10060,17,2011,67,8049,1.375513882,6.340893266,0.000781283,0.144141837,0.845987654,0.071641791,0.992225234,0.071641791,0.999888185,4.8,0.9,62.2,8048.1,0.842105263,0.157894737,0.00766926,0.99233074
PalombaEtAl_apache-derby,0.5,84,10060,42,5030,42,5030,3.438613918,4.795834067,0.000945551,0.364319151,0.884455544,0.230952381,0.99339511,0.230952381,0.999761431,9.7,1.2,32.3,5028.8,0.889908257,0.110091743,0.006382012,0.993617988
PalombaEtAl_apache-derby,0.95,84,10060,4,503,80,9557,0.34474487,6.865662915,0.000712427,0.048492279,0.95,0.0125,0.991792051,0.0125,0.999989536,1,0.1,79,9556.9,0.909090909,0.090909091,0.008198508,0.991801492
PalombaEtAl_apache-derby,0.4,84,10060,50,6036,34,4024,4.126617831,4.065318929,0.001001804,0.37950174,0.909318182,0.241176471,0.993420404,0.241176471,0.999776342,8.2,0.9,25.8,4023.1,0.901098901,0.098901099,0.006372101,0.993627899
PalombaEtAl_apache-derby,0.6,84,10060,34,4023,50,6037,2.750624285,5.44084478,0.000893847,0.294795645,0.921901154,0.178,0.993132906,0.178,0.999884048,8.9,0.7,41.1,6036.3,0.927083333,0.072916667,0.00676276,0.99323724
PalombaEtAl_apache-derby,0.55,84,10060,38,4526,46,5534,3.09418884,5.137313408,0.000920665,0.332054301,0.85532967,0.208695652,0.993172043,0.208695652,0.999692808,9.6,1.7,36.4,5532.3,0.849557522,0.150442478,0.006536535,0.993463465
PalombaEtAl_apache-derby,0.7,84,10060,25,3018,59,7042,2.063324257,5.995863371,0.000844369,0.198198945,0.931282051,0.113559322,0.992550345,0.113559322,0.999914797,6.7,0.6,52.3,7041.4,0.917808219,0.082191781,0.007372739,0.992627261
PalombaEtAl_apache-derby,0.3,84,10060,59,7041,25,3019,4.813386752,3.227252589,0.001060201,0.374963206,0.91,0.24,0.993528252,0.24,0.999768135,6,0.7,19,3018.3,0.895522388,0.104477612,0.006255556,0.993744444
PalombaEtAl_apache-derby,0.45,84,10060,46,5533,38,4527,3.78204281,4.45326704,0.000975524,0.365523127,0.905865801,0.231578947,0.993406353,0.231578947,0.999801193,8.8,0.9,29.2,4526.1,0.907216495,0.092783505,0.006410116,0.993589884
PalombaEtAl_apache-derby,0.2,84,10060,67,8048,17,2012,5.503000903,2.431802623,0.001198523,0.384320158,0.875833333,0.252941176,0.993445047,0.252941176,0.999701789,4.3,0.6,12.7,2011.4,0.87755102,0.12244898,0.006274394,0.993725606
PalombaEtAl_apache-derby,0.85,84,10060,13,1508,71,8552,1.032423082,6.605398352,0.000766021,0.163059965,0.869281046,0.092957746,0.992357648,0.092957746,0.999824602,6.6,1.5,64.4,8550.5,0.814814815,0.185185185,0.00747542,0.99252458
PalombaEtAl_apache-derby,0.1,84,10060,76,9053,8,1007,6.193471919,1.23819845,0.0012199,0.427296037,0.905,0.3,0.99408867,0.3,0.999602781,2.4,0.4,5.6,1006.6,0.857142857,0.142857143,0.005532503,0.994467497
PalombaEtAl_apache-derby,0.35,84,10060,55,6538,29,3522,4.469915938,3.660530133,0.001030845,0.372086054,0.822301587,0.24137931,0.993382146,0.24137931,0.999574106,7,1.5,22,3520.5,0.823529412,0.176470588,0.006210303,0.993789697
PalombaEtAl_apache-derby,0.25,84,10060,63,7545,21,2515,5.158358014,2.905298212,0.001145622,0.365796416,0.822261905,0.238095238,0.993217666,0.238095238,0.999522863,5,1.2,16,2513.8,0.806451613,0.193548387,0.006324611,0.993675389
PalombaEtAl_apache-hbase,0.95,277,2647,14,132,263,2515,0.128408283,2.481923714,0.000893421,0.242612604,0.756890869,0.148288973,0.914290857,0.148288973,0.994393638,39,14.1,224,2500.9,0.734463277,0.265536723,0.082204852,0.917795148
PalombaEtAl_apache-hbase,0.55,277,2647,125,1190,152,1457,1.152587775,1.547184827,0.000961582,0.649492846,0.807852963,0.544078947,0.94462399,0.544078947,0.986410432,82.7,19.8,69.3,1437.2,0.806829268,0.193170732,0.046000664,0.953999336
PalombaEtAl_apache-hbase,0.45,277,2647,152,1456,125,1191,1.409276948,1.295768843,0.000984627,0.664239789,0.815968817,0.5616,0.946200608,0.5616,0.986565911,70.2,16,54.8,1175,0.814385151,0.185614849,0.044560091,0.955439909
PalombaEtAl_apache-hbase,0.85,277,2647,41,397,236,2250,0.384010411,2.246304196,0.000903582,0.485648014,0.711840414,0.371610169,0.925140788,0.371610169,0.9832,87.7,37.8,148.3,2212.2,0.698804781,0.301195219,0.062825673,0.937174327
PalombaEtAl_apache-hbase,0.35,277,2647,180,1720,97,927,1.665213189,1.005567676,0.000982,0.675291201,0.830306113,0.570103093,0.948242188,0.570103093,0.98781014,55.3,11.3,41.7,915.7,0.83033033,0.16966967,0.043555463,0.956444537
PalombaEtAl_apache-hbase,0.8,277,2647,55,529,222,2118,0.512188727,2.133980055,0.000911957,0.556957867,0.797492275,0.43018018,0.935128205,0.43018018,0.988054769,95.5,25.3,126.5,2092.7,0.790562914,0.209437086,0.057002523,0.942997477
PalombaEtAl_apache-hbase,0.9,277,2647,28,264,249,2383,0.256244567,2.368151507,0.000899754,0.410259341,0.675609799,0.301204819,0.918617021,0.301204819,0.983130508,75,40.2,174,2342.8,0.651041667,0.348958333,0.06913541,0.93086459
PalombaEtAl_apache-hbase,0.25,277,2647,208,1985,69,662,1.922790163,0.740124592,0.001012482,0.707353202,0.844019246,0.610144928,0.952393981,0.610144928,0.988066465,42.1,7.9,26.9,654.1,0.842,0.158,0.039500734,0.960499266
PalombaEtAl_apache-hbase,0.1,277,2647,249,2382,28,265,2.304913892,0.308706618,0.001053606,0.681686072,0.866592897,0.567857143,0.950170648,0.567857143,0.990566038,15.9,2.5,12.1,262.5,0.864130435,0.135869565,0.044064093,0.955935907
PalombaEtAl_apache-hbase,0.15,277,2647,235,2250,42,397,2.177694607,0.455781354,0.001038226,0.687172408,0.847493113,0.580952381,0.949886105,0.580952381,0.988916877,24.4,4.4,17.6,392.6,0.847222222,0.152777778,0.0429059,0.9570941
PalombaEtAl_apache-hbase,0.2,277,2647,222,2117,55,530,2.05023815,0.599386694,0.001024593,0.686546652,0.850850478,0.576363636,0.950598291,0.576363636,0.989433962,31.7,5.6,23.3,524.4,0.849865952,0.150134048,0.042541537,0.957458463
PalombaEtAl_apache-hbase,0.3,277,2647,194,1852,83,795,1.79274547,0.868350479,0.00098901,0.686368715,0.846420525,0.578313253,0.950113895,0.578313253,0.988930818,48,8.8,35,786.2,0.845070423,0.154929577,0.042620555,0.957379445
PalombaEtAl_apache-hbase,0.7,277,2647,83,794,194,1853,0.768496466,1.891324179,0.000923949,0.624395186,0.800704046,0.512886598,0.941573034,0.512886598,0.986454398,99.5,25.1,94.5,1827.9,0.798555377,0.201444623,0.049157303,0.950842697
PalombaEtAl_apache-hbase,0.6,277,2647,111,1058,166,1589,1.024924557,1.651551272,0.000941055,0.630246317,0.823345335,0.512048193,0.943304843,0.512048193,0.988357458,85,18.5,81,1570.5,0.821256039,0.178743961,0.049046322,0.950953678
PalombaEtAl_apache-hbase,0.4,277,2647,166,1588,111,1059,1.537380503,1.13709238,0.000971874,0.676428391,0.821914803,0.575675676,0.947777778,0.575675676,0.986779981,63.9,14,47.1,1045,0.820282413,0.179717587,0.043127919,0.956872081
PalombaEtAl_apache-hbase,0.5,277,2647,138.4,1323.6,138.6,1323.4,1.282799311,1.409234852,0.000963909,0.661148124,0.817133596,0.556354916,0.946032832,0.556277056,0.986852048,77.1,17.4,61.5,1306,0.815873016,0.184126984,0.044972578,0.955027422
PalombaEtAl_apache-hbase,0.75,277,2647,69,662,208,1985,0.64121663,2.01479147,0.000918738,0.581649208,0.812972188,0.453846154,0.938121295,0.453846154,0.988866499,94.4,22.1,113.6,1962.9,0.810300429,0.189699571,0.05470744,0.94529256
PalombaEtAl_apache-hbase,0.65,277,2647,97,926,180,1721,0.896383728,1.773080524,0.000932709,0.627122879,0.811313887,0.512777778,0.942451341,0.512777778,0.987391052,92.3,21.7,87.7,1699.3,0.809649123,0.190350877,0.049076665,0.950923335
PalombaEtAl_apache-hibernate-orm,0.85,127,3703,19,555,108,3148,0.236781947,1.467906262,0.000450831,0.536596865,0.596250724,0.511111111,0.969871007,0.511111111,0.985609911,55.2,45.3,52.8,3102.7,0.549253731,0.450746269,0.016732689,0.983267311
PalombaEtAl_apache-hibernate-orm,0.45,127,3703,70,2036,57,1667,0.862004502,0.897920039,0.000520835,0.763857942,0.792309528,0.740350877,0.984802784,0.740350877,0.993161368,42.2,11.4,14.8,1655.6,0.787313433,0.212686567,0.008860153,0.991139847
PalombaEtAl_apache-hibernate-orm,0.55,127,3703,57,1666,70,2037,0.706461456,1.084698615,0.000514807,0.735352851,0.77620181,0.702857143,0.983103939,0.702857143,0.992734413,49.2,14.8,20.8,2022.2,0.76875,0.23125,0.010181106,0.989818894
PalombaEtAl_apache-hibernate-orm,0.95,127,3703,6,185,121,3518,0.078456124,1.548222474,0.000425453,0.255973915,0.845864865,0.166115702,0.970458917,0.166115702,0.998123934,20.1,6.6,100.9,3511.4,0.752808989,0.247191011,0.027932342,0.972067658
PalombaEtAl_apache-hibernate-orm,0.25,127,3703,95,2777,32,926,1.17638146,0.575296264,0.000600518,0.815718786,0.87733923,0.765625,0.988517745,0.765625,0.996220302,24.5,3.5,7.5,922.5,0.875,0.125,0.008064516,0.991935484
PalombaEtAl_apache-hibernate-orm,0.35,127,3703,83,2406,44,1297,1.017945048,0.734128845,0.000547449,0.785192159,0.826561652,0.75,0.98650261,0.75,0.994525829,33,7.1,11,1289.9,0.822942643,0.177057357,0.008455685,0.991544315
PalombaEtAl_apache-hibernate-orm,0.9,127,3703,13,370,114,3333,0.157137562,1.502886886,0.000435999,0.498893849,0.699790445,0.430701754,0.971047287,0.430701754,0.989528953,49.1,34.9,64.9,3298.1,0.58452381,0.41547619,0.019298246,0.980701754
PalombaEtAl_apache-hibernate-orm,0.8,127,3703,25,741,102,2962,0.314109306,1.394039776,0.000454974,0.657933742,0.787809486,0.580392157,0.979373368,0.580392157,0.993112762,59.2,20.4,42.8,2941.6,0.743718593,0.256281407,0.014341241,0.985658759
PalombaEtAl_apache-hibernate-orm,0.5,127,3703,63.6,1851.4,63.4,1851.6,0.784251696,0.982105827,0.000512849,0.718430499,0.753412445,0.690972222,0.981932115,0.690851735,0.991898898,43.8,15,19.6,1836.6,0.744897959,0.255102041,0.010559207,0.989440793
PalombaEtAl_apache-hibernate-orm,0.4,127,3703,76,2222,51,1481,0.940721105,0.811123911,0.000529454,0.767857292,0.810928752,0.735294118,0.985182768,0.735294118,0.993787981,37.5,9.2,13.5,1471.8,0.802997859,0.197002141,0.009089073,0.990910927
PalombaEtAl_apache-hibernate-orm,0.6,127,3703,51,1481,76,2222,0.627199069,1.155785536,0.000502953,0.752712041,0.777282182,0.730263158,0.984116623,0.730263158,0.99279928,55.5,16,20.5,2206,0.776223776,0.223776224,0.009207276,0.990792724
PalombaEtAl_apache-hibernate-orm,0.7,127,3703,38,1111,89,2592,0.470740541,1.281351609,0.000477938,0.660956119,0.675185319,0.660674157,0.977284595,0.660674157,0.988155864,58.8,30.7,30.2,2561.3,0.65698324,0.34301676,0.011653483,0.988346517
PalombaEtAl_apache-hibernate-orm,0.3,127,3703,89,2592,38,1111,1.09671245,0.639579427,0.00055664,0.809484441,0.874202752,0.755263158,0.988250653,0.755263158,0.996219622,28.7,4.2,9.3,1106.8,0.872340426,0.127659574,0.008332587,0.991667413
PalombaEtAl_apache-hibernate-orm,0.2,127,3703,102,2962,25,741,1.253992866,0.459140466,0.0005994,0.803634263,0.892557083,0.736,0.988381201,0.736,0.996896086,18.4,2.3,6.6,738.7,0.888888889,0.111111111,0.008855494,0.991144506
PalombaEtAl_apache-hibernate-orm,0.1,127,3703,114,3333,13,370,1.410190145,0.240799652,0.00062872,0.820637803,0.901318126,0.761538462,0.988772846,0.761538462,0.996756757,9.9,1.2,3.1,368.8,0.891891892,0.108108108,0.008335574,0.991664426
PalombaEtAl_apache-hibernate-orm,0.15,127,3703,108,3147,19,556,1.334068125,0.3546948,0.000616861,0.805374143,0.866912955,0.757894737,0.988,0.757894737,0.995863309,14.4,2.3,4.6,553.7,0.862275449,0.137724551,0.008239298,0.991760702
PalombaEtAl_apache-hibernate-orm,0.65,127,3703,44,1296,83,2407,0.548808001,1.223181662,0.000491238,0.7286616,0.795529981,0.678313253,0.983092369,0.678313253,0.993601994,56.3,15.4,26.7,2391.6,0.785216179,0.214783821,0.011040814,0.988959186
PalombaEtAl_apache-hibernate-orm,0.75,127,3703,32,925,95,2778,0.391972151,1.338116921,0.000465756,0.649891874,0.672702272,0.632631579,0.977305952,0.632631579,0.989092873,60.1,30.3,34.9,2747.7,0.664823009,0.335176991,0.012542227,0.987457773
PalombaEtAl_apache-hive,0.9,106,541,10,54,96,487,0.057397385,0.523473979,0.000897897,0.189370714,0.726415149,0.1125,0.845626072,0.1125,0.990143737,10.8,4.8,85.2,482.2,0.692307692,0.307692308,0.150158618,0.849841382
PalombaEtAl_apache-hive,0.8,106,541,21,108,85,433,0.115210401,0.466814343,0.000901186,0.460494611,0.797980285,0.327058824,0.875868726,0.327058824,0.983602771,27.8,7.1,57.2,425.9,0.796561605,0.203438395,0.118401987,0.881598013
PalombaEtAl_apache-hive,0.15,106,541,90,459,16,82,0.488580043,0.092866241,0.000947615,0.705404071,0.863635531,0.60625,0.918367347,0.60625,0.979268293,9.7,1.7,6.3,80.3,0.850877193,0.149122807,0.072748268,0.927251732
PalombaEtAl_apache-hive,0.75,106,541,26,135,80,406,0.143594667,0.438546042,0.000902358,0.504189118,0.799754117,0.37125,0.880246914,0.37125,0.980541872,29.7,7.9,50.3,398.1,0.789893617,0.210106383,0.112176628,0.887823372
PalombaEtAl_apache-hive,0.65,106,541,37,189,69,352,0.20184386,0.387115786,0.000919515,0.562780037,0.804880287,0.437681159,0.889311164,0.437681159,0.977840909,30.2,7.8,38.8,344.2,0.794736842,0.205263158,0.101305483,0.898694517
PalombaEtAl_apache-hive,0.55,106,541,48,243,58,298,0.259312775,0.32463047,0.000911883,0.633053872,0.835358393,0.510344828,0.903932584,0.510344828,0.980536913,29.6,5.8,28.4,292.2,0.836158192,0.163841808,0.088583905,0.911416095
PalombaEtAl_apache-hive,0.95,106,541,5,27,101,514,0.029288903,0.556830368,0.000905415,0.136951075,0.5513943,0.094059406,0.832357724,0.094059406,0.977431907,9.5,11.6,91.5,502.4,0.450236967,0.549763033,0.154066341,0.845933659
PalombaEtAl_apache-hive,0.85,106,541,16,81,90,460,0.086738294,0.49474469,0.000899536,0.366981404,0.704776531,0.254444444,0.858545455,0.254444444,0.97673913,22.9,10.7,67.1,449.3,0.681547619,0.318452381,0.129938033,0.870061967
PalombaEtAl_apache-hive,0.45,106,541,58,297,48,244,0.31593625,0.267501141,0.0009161,0.661828895,0.840632107,0.547916667,0.908219178,0.547916667,0.979098361,26.3,5.1,21.7,238.9,0.837579618,0.162420382,0.083269378,0.916730622
PalombaEtAl_apache-hive,0.1,106,541,95,487,11,54,0.517735239,0.062646071,0.000963786,0.819699248,0.900277778,0.754545455,0.944615385,0.754545455,0.983333333,8.3,0.9,2.7,53.1,0.902173913,0.097826087,0.048387097,0.951612903
PalombaEtAl_apache-hive,0.35,106,541,69,351,37,190,0.373961036,0.210054021,0.000925348,0.699758015,0.856222278,0.594594595,0.917180617,0.594594595,0.98,22,3.8,15,186.2,0.852713178,0.147286822,0.074552684,0.925447316
PalombaEtAl_apache-hive,0.3,106,541,74,378,32,163,0.402253912,0.181447455,0.0009305,0.735773745,0.88819887,0.63125,0.926153846,0.63125,0.98404908,20.2,2.6,11.8,160.4,0.885964912,0.114035088,0.068524971,0.931475029
PalombaEtAl_apache-hive,0.2,106,541,85,432,21,109,0.460084251,0.122567584,0.000942828,0.70541429,0.873029028,0.604761905,0.922307692,0.604761905,0.983486239,12.7,1.8,8.3,107.2,0.875862069,0.124137931,0.071861472,0.928138528
PalombaEtAl_apache-hive,0.6,106,541,42,216,64,325,0.229822714,0.353812795,0.000909544,0.610607065,0.824769673,0.4875,0.898200514,0.4875,0.979076923,31.2,6.8,32.8,318.2,0.821052632,0.178947368,0.093447293,0.906552707
PalombaEtAl_apache-hive,0.7,106,541,32,162,74,379,0.173008019,0.411714988,0.000908863,0.57299461,0.822243213,0.441891892,0.892935982,0.441891892,0.981002639,32.7,7.2,41.3,371.8,0.819548872,0.180451128,0.099975793,0.900024207
PalombaEtAl_apache-hive,0.25,106,541,79,406,27,135,0.43175412,0.15101958,0.00093222,0.708448802,0.857925001,0.607407407,0.917283951,0.607407407,0.979259259,16.4,2.8,10.6,132.2,0.854166667,0.145833333,0.074229692,0.925770308
PalombaEtAl_apache-hive,0.5,106,541,53,270,53,271,0.287861928,0.297183104,0.000917232,0.652950637,0.82438394,0.543396226,0.90617284,0.543396226,0.977121771,28.8,6.2,24.2,264.8,0.822857143,0.177142857,0.083737024,0.916262976
PalombaEtAl_apache-hive,0.4,106,541,64,324,42,217,0.345592072,0.238520986,0.00092093,0.669851049,0.84080038,0.55952381,0.911196911,0.55952381,0.979262673,23.5,4.5,18.5,212.5,0.839285714,0.160714286,0.08008658,0.91991342
PalombaEtAl_apache-karaf,0.15,120,265,102,225,18,40,0.196303809,0.038206974,0.000658741,0.819808048,0.900277778,0.761111111,0.898275862,0.761111111,0.96,13.7,1.6,4.3,38.4,0.895424837,0.104575163,0.100702576,0.899297424
PalombaEtAl_apache-karaf,0.9,120,265,12,26,108,239,0.023179525,0.210622735,0.000606982,0.473167823,0.663440378,0.387037037,0.742651297,0.387037037,0.90334728,41.8,23.1,66.2,215.9,0.644067797,0.355932203,0.234668557,0.765331443
PalombaEtAl_apache-karaf,0.65,120,265,42,92,78,173,0.080609545,0.153729135,0.000612467,0.731797583,0.800649106,0.676923077,0.845816733,0.676923077,0.921965318,52.8,13.5,25.2,159.5,0.79638009,0.20361991,0.136437466,0.863562534
PalombaEtAl_apache-karaf,0.8,120,265,24,53,96,212,0.046561569,0.187555605,0.000608947,0.626205914,0.759624915,0.547916667,0.799350649,0.547916667,0.913207547,52.6,18.4,43.4,193.6,0.74084507,0.25915493,0.183122363,0.816877637
PalombaEtAl_apache-karaf,0.75,120,265,30,66,90,199,0.05789246,0.176183494,0.000609631,0.676735468,0.791573713,0.6,0.821799308,0.6,0.922110553,54,15.5,36,183.5,0.776978417,0.223021583,0.164009112,0.835990888
PalombaEtAl_apache-karaf,0.45,120,265,66,145,54,120,0.126723682,0.107801627,0.00061955,0.804022779,0.888171473,0.735185185,0.888505747,0.735185185,0.9575,39.7,5.1,14.3,114.9,0.886160714,0.113839286,0.110681115,0.889318885
PalombaEtAl_apache-karaf,0.1,120,265,108,238,12,27,0.207636773,0.026167959,0.000670973,0.835298325,0.929574592,0.766666667,0.907692308,0.766666667,0.97037037,9.2,0.8,2.8,26.2,0.92,0.08,0.096551724,0.903448276
PalombaEtAl_apache-karaf,0.3,120,265,84,185,36,80,0.161651367,0.073409112,0.000632837,0.816061033,0.874953098,0.766666667,0.893103448,0.766666667,0.95,27.6,4,8.4,76,0.873417722,0.126582278,0.099526066,0.900473934
PalombaEtAl_apache-karaf,0.85,120,265,18,39,102,226,0.034517516,0.199356052,0.000607793,0.583151291,0.691506809,0.508823529,0.775,0.508823529,0.895132743,51.9,23.7,50.1,202.3,0.686507937,0.313492063,0.198494453,0.801505547
PalombaEtAl_apache-karaf,0.2,120,265,96,212,24,53,0.18500102,0.049759776,0.000646231,0.793591053,0.88872114,0.720833333,0.883116883,0.720833333,0.956603774,17.3,2.3,6.7,50.7,0.882653061,0.117346939,0.116724739,0.883275261
PalombaEtAl_apache-karaf,0.6,120,265,48,106,72,159,0.092721856,0.141751393,0.000613642,0.760155288,0.846697178,0.694444444,0.863636364,0.694444444,0.940251572,50,9.5,22,149.5,0.840336134,0.159663866,0.128279883,0.871720117
PalombaEtAl_apache-karaf,0.95,120,265,6,13,114,252,0.011872532,0.22172211,0.000605798,0.359838,0.661986859,0.256140351,0.724590164,0.256140351,0.936507937,29.2,16,84.8,236,0.646017699,0.353982301,0.264339152,0.735660848
PalombaEtAl_apache-karaf,0.7,120,265,36,79,84,186,0.069272549,0.164937942,0.000610881,0.685694608,0.780276599,0.620238095,0.824814815,0.620238095,0.917204301,52.1,15.4,31.9,170.6,0.771851852,0.228148148,0.157530864,0.842469136
PalombaEtAl_apache-karaf,0.5,120,265,60,132,60,133,0.115522323,0.119222659,0.000617734,0.772637493,0.858093285,0.705,0.870984456,0.705,0.945864662,42.3,7.2,17.7,125.8,0.854545455,0.145454545,0.123344948,0.876655052
PalombaEtAl_apache-karaf,0.55,120,265,54,119,66,146,0.10407273,0.130765311,0.000616818,0.765488499,0.847958603,0.7,0.866981132,0.7,0.942465753,46.2,8.4,19.8,137.6,0.846153846,0.153846154,0.125794155,0.874205845
PalombaEtAl_apache-karaf,0.4,120,265,72,159,48,106,0.138843494,0.096193274,0.000624632,0.808888112,0.864944083,0.7625,0.888311688,0.7625,0.945283019,36.6,5.8,11.4,100.2,0.863207547,0.136792453,0.102150538,0.897849462
PalombaEtAl_apache-karaf,0.25,120,265,90,198,30,67,0.172900775,0.061762247,0.000636724,0.843705182,0.903952995,0.793333333,0.909278351,0.793333333,0.96119403,23.8,2.6,6.2,64.4,0.901515152,0.098484848,0.087818697,0.912181303
PalombaEtAl_apache-karaf,0.35,120,265,78,172,42,93,0.150337319,0.084672018,0.0006272,0.806071453,0.883298418,0.742857143,0.888888889,0.742857143,0.95483871,31.2,4.2,10.8,88.8,0.881355932,0.118644068,0.108433735,0.891566265
PalombaEtAl_apache-nutch,0.1,184,73,165,66,19,7,0.198092505,0.029435062,0.001132118,0.889495432,0.85724811,0.926315789,0.830769231,0.926315789,0.571428571,17.6,3,1.4,4,0.854368932,0.145631068,0.259259259,0.740740741
PalombaEtAl_apache-nutch,0.3,184,73,128,51,56,22,0.152632723,0.06844562,0.000877508,0.899336775,0.861694244,0.941071429,0.848717949,0.941071429,0.613636364,52.7,8.5,3.3,13.5,0.861111111,0.138888889,0.196428571,0.803571429
PalombaEtAl_apache-nutch,0.35,184,73,120,47,64,26,0.142465242,0.078817811,0.000875753,0.892409956,0.856176897,0.9328125,0.84,0.9328125,0.611538462,59.7,10.1,4.3,15.9,0.85530086,0.14469914,0.212871287,0.787128713
PalombaEtAl_apache-nutch,0.2,184,73,147,58,37,15,0.174849006,0.046543291,0.000895063,0.9054299,0.86959621,0.945945946,0.859615385,0.945945946,0.646666667,35,5.3,2,9.7,0.868486352,0.131513648,0.170940171,0.829059829
PalombaEtAl_apache-nutch,0.6,184,73,73,29,111,44,0.087162727,0.134172142,0.000865627,0.873861341,0.832357657,0.920720721,0.809677419,0.920720721,0.529545455,102.2,20.7,8.8,23.3,0.831570382,0.168429618,0.274143302,0.725856698
PalombaEtAl_apache-nutch,0.25,184,73,137,55,47,18,0.163801236,0.057588435,0.000885976,0.90399339,0.871006957,0.940425532,0.855384615,0.940425532,0.633333333,44.2,6.6,2.8,11.4,0.87007874,0.12992126,0.197183099,0.802816901
PalombaEtAl_apache-nutch,0.7,184,73,55,22,129,51,0.065888394,0.155431757,0.00086351,0.883038761,0.836216175,0.935658915,0.822222222,0.935658915,0.535294118,120.7,23.7,8.3,27.3,0.835872576,0.164127424,0.233146067,0.766853933
PalombaEtAl_apache-nutch,0.5,184,73,92,36,92,37,0.10996237,0.114121434,0.000884662,0.876684681,0.840696675,0.916304348,0.81627907,0.916304348,0.567567568,84.3,16,7.7,21,0.840478564,0.159521436,0.268292683,0.731707317
PalombaEtAl_apache-nutch,0.4,184,73,110,44,74,29,0.131413911,0.08988199,0.000872641,0.885430738,0.850776686,0.924324324,0.82815534,0.924324324,0.582758621,68.4,12.1,5.6,16.9,0.849689441,0.150310559,0.248888889,0.751111111
PalombaEtAl_apache-nutch,0.55,184,73,82,33,102,40,0.098246255,0.123239358,0.000867883,0.877855164,0.839638632,0.920588235,0.816197183,0.920588235,0.55,93.9,18,8.1,22,0.839142091,0.160857909,0.26910299,0.73089701
PalombaEtAl_apache-nutch,0.95,184,73,9,3,175,70,0.011067724,0.213153385,0.000870014,0.838695414,0.726899497,0.991428571,0.727346939,0.991428571,0.067142857,173.5,65.3,1.5,4.7,0.726549414,0.273450586,0.241935484,0.758064516
PalombaEtAl_apache-nutch,0.85,184,73,27,11,157,62,0.032766367,0.18843741,0.000860445,0.868641075,0.819448158,0.924840764,0.799543379,0.924840764,0.482258065,145.2,32.1,11.8,29.9,0.818950931,0.181049069,0.282973621,0.717026379
PalombaEtAl_apache-nutch,0.45,184,73,101,40,83,33,0.121001138,0.102674177,0.000885122,0.887851971,0.84713936,0.93373494,0.831034483,0.93373494,0.572727273,77.5,14.1,5.5,18.9,0.846069869,0.153930131,0.225409836,0.774590164
PalombaEtAl_apache-nutch,0.75,184,73,46,18,138,55,0.054917292,0.166434537,0.000862355,0.875052362,0.825570056,0.931884058,0.810362694,0.931884058,0.505454545,128.6,27.2,9.4,27.8,0.825417202,0.174582798,0.252688172,0.747311828
PalombaEtAl_apache-nutch,0.65,184,73,64,25,120,48,0.076081787,0.145216871,0.000864386,0.872978201,0.829678147,0.921666667,0.808333333,0.921666667,0.525,110.6,22.8,9.4,25.2,0.829085457,0.170914543,0.271676301,0.728323699
PalombaEtAl_apache-nutch,0.9,184,73,18,7,166,66,0.022462389,0.203802501,0.000878459,0.855902738,0.7876158,0.940361446,0.773275862,0.940361446,0.353030303,156.1,42.7,9.9,23.3,0.785211268,0.214788732,0.298192771,0.701807229
PalombaEtAl_apache-nutch,0.8,184,73,37,14,147,59,0.043905391,0.177643137,0.000862345,0.872552641,0.820498815,0.932653061,0.805825243,0.932653061,0.489830508,137.1,30.1,9.9,28.9,0.819976077,0.180023923,0.255154639,0.744845361
PalombaEtAl_apache-nutch,0.15,184,73,156,62,28,11,0.185928486,0.035600557,0.000912835,0.879303636,0.840224418,0.925,0.817948718,0.925,0.545454545,25.9,5,2.1,6,0.838187702,0.161812298,0.259259259,0.740740741
PalombaEtAl_apache-pig,0.15,1268,3528,1078,2998,190,530,2.323126961,0.650760025,0.000903833,0.860569482,0.873529216,0.848421053,0.9275,0.848421053,0.955849057,161.2,23.4,28.8,506.6,0.873239437,0.126760563,0.053791558,0.946208442
PalombaEtAl_apache-pig,0.75,1268,3528,317,882,951,2646,0.683394801,2.296705185,0.000638506,0.779990823,0.828185644,0.737329127,0.890075063,0.737329127,0.944973545,701.2,145.6,249.8,2500.4,0.828058573,0.171941427,0.090829758,0.909170242
PalombaEtAl_apache-pig,0.8,1268,3528,254,705,1014,2823,0.546826573,2.403798224,0.000626479,0.746091376,0.791127311,0.706410256,0.873077925,0.706410256,0.932943677,716.3,189.3,297.7,2633.7,0.790967314,0.209032686,0.101555571,0.898444429
PalombaEtAl_apache-pig,0.65,1268,3528,444,1234,824,2294,0.956189553,2.080488076,0.000667251,0.79890457,0.835859824,0.765291262,0.898171905,0.765291262,0.945902354,630.6,124.1,193.4,2169.9,0.8355638,0.1644362,0.081834723,0.918165277
PalombaEtAl_apache-pig,0.9,1268,3528,127,352,1141,3176,0.273313385,2.597366372,0.00060166,0.656482077,0.743931749,0.587730061,0.837595552,0.587730061,0.927361461,670.6,230.7,470.4,2945.3,0.744036392,0.255963608,0.137717013,0.862282987
PalombaEtAl_apache-pig,0.7,1268,3528,380,1058,888,2470,0.820470678,2.25513263,0.00067157,0.789193599,0.829139891,0.753265766,0.893597379,0.753265766,0.944048583,668.9,138.2,219.1,2331.8,0.828769669,0.171230331,0.085891254,0.914108746
PalombaEtAl_apache-pig,0.95,1268,3528,63,176,1205,3352,0.136765908,2.706626996,0.000593949,0.550593436,0.68246195,0.464979253,0.799714725,0.464979253,0.920047733,560.3,268,644.7,3084,0.676445732,0.323554268,0.172902084,0.827097916
PalombaEtAl_apache-pig,0.6,1268,3528,507,1411,761,2117,1.092501417,1.947856147,0.000676809,0.812547709,0.849181453,0.779500657,0.905038221,0.779500657,0.950165328,593.2,105.5,167.8,2011.5,0.849005296,0.150994704,0.076997201,0.923002799
PalombaEtAl_apache-pig,0.4,1268,3528,761,2116,507,1412,1.640525267,1.459014555,0.000760299,0.84142545,0.872365391,0.812820513,0.919020323,0.812820513,0.957152975,412.1,60.5,94.9,1351.5,0.871984765,0.128015235,0.065611173,0.934388827
PalombaEtAl_apache-pig,0.55,1268,3528,571,1587,697,1941,1.229240453,1.820813773,0.000690225,0.821896889,0.850702044,0.795121951,0.908946171,0.795121951,0.949819681,554.2,97.4,142.8,1843.6,0.850521793,0.149478207,0.071888844,0.928111156
PalombaEtAl_apache-pig,0.5,1268,3528,634,1764,634,1764,1.370046872,1.866922639,0.000778533,0.828235993,0.86323018,0.796529968,0.912718932,0.796529968,0.954478458,505,80.3,129,1683.7,0.862805399,0.137194601,0.071164561,0.928835439
PalombaEtAl_apache-pig,0.1,1268,3528,1141,3175,127,353,2.45905056,0.445798694,0.000928747,0.868796354,0.884209304,0.85511811,0.931875,0.85511811,0.959490085,108.6,14.3,18.4,338.7,0.88364524,0.11635476,0.051526183,0.948473817
PalombaEtAl_apache-pig,0.45,1268,3528,697,1940,571,1588,1.50548678,1.744396561,0.000807965,0.83187604,0.867582802,0.799299475,0.914590088,0.799299475,0.95604534,456.4,69.8,114.6,1518.2,0.867350817,0.132649183,0.070186183,0.929813817
PalombaEtAl_apache-pig,0.2,1268,3528,1014,2822,254,706,2.186400211,0.818062504,0.000852148,0.847944631,0.870932707,0.826771654,0.921666667,0.826771654,0.955807365,210,31.2,44,674.8,0.870646766,0.129353234,0.061213133,0.938786867
PalombaEtAl_apache-pig,0.85,1268,3528,190,529,1078,2999,0.409924522,2.4940875,0.000611746,0.716146107,0.774982642,0.666975881,0.860363012,0.666975881,0.929876626,719,210.3,359,2788.7,0.773700635,0.226299365,0.11405153,0.88594847
PalombaEtAl_apache-pig,0.3,1268,3528,888,2469,380,1059,1.914952004,1.228374215,0.00085363,0.849597289,0.877586679,0.823947368,0.923002085,0.823947368,0.958545798,313.1,43.9,66.9,1015.1,0.877030812,0.122969188,0.061829945,0.938170055
PalombaEtAl_apache-pig,0.35,1268,3528,824,2293,444,1235,1.776478745,1.328388408,0.000791178,0.850741599,0.882225668,0.821846847,0.923704586,0.821846847,0.960323887,364.9,49,79.1,1186,0.881613916,0.118386084,0.062524702,0.937475298
PalombaEtAl_apache-pig,0.25,1268,3528,951,2646,317,882,2.050989214,1.081025427,0.000901606,0.845278095,0.869226272,0.823028391,0.920350292,0.823028391,0.955328798,260.9,39.4,56.1,842.6,0.868797869,0.131202131,0.062423501,0.937576499
PalombaEtAl_apache-qpid,0.25,271,1895,203,1421,68,474,1.026823464,0.422648614,0.000779794,0.70034159,0.814484606,0.616176471,0.933948339,0.616176471,0.979535865,41.9,9.7,26.1,464.3,0.812015504,0.187984496,0.05322186,0.94677814
PalombaEtAl_apache-qpid,0.35,271,1895,176,1231,95,664,0.889526568,0.56624169,0.000746036,0.66668792,0.816563517,0.564210526,0.929512516,0.564210526,0.981777108,53.6,12.1,41.4,651.9,0.815829528,0.184170472,0.059714409,0.940285591
PalombaEtAl_apache-qpid,0.45,271,1895,149,1042,122,853,0.752541139,0.701754598,0.000719748,0.651734304,0.792682596,0.554918033,0.925948718,0.554918033,0.97901524,67.7,17.9,54.3,835.1,0.79088785,0.20911215,0.061052395,0.938947605
PalombaEtAl_apache-qpid,0.85,271,1895,41,283,230,1612,0.205079654,1.220945908,0.000662837,0.394944078,0.777481952,0.265652174,0.898859935,0.265652174,0.989205955,61.1,17.4,168.9,1594.6,0.778343949,0.221656051,0.095775447,0.904224553
PalombaEtAl_apache-qpid,0.95,271,1895,14,94,257,1801,0.06874088,1.33074495,0.00064662,0.186663892,0.806771172,0.108171206,0.885519922,0.108171206,0.996446419,27.8,6.4,229.2,1794.6,0.812865497,0.187134503,0.113252298,0.886747702
PalombaEtAl_apache-qpid,0.9,271,1895,27,189,244,1706,0.136980806,1.276257526,0.000654491,0.333819174,0.841730695,0.210245902,0.89625641,0.210245902,0.994372802,51.3,9.6,192.7,1696.4,0.842364532,0.157635468,0.102006246,0.897993754
PalombaEtAl_apache-qpid,0.55,271,1895,122,852,149,1043,0.616078402,0.846611901,0.000710245,0.62073477,0.804101057,0.506040268,0.922818792,0.506040268,0.982358581,75.4,18.4,73.6,1024.6,0.803837953,0.196162047,0.067018758,0.932981242
PalombaEtAl_apache-qpid,0.8,271,1895,54,379,217,1516,0.27398068,1.156899166,0.00066757,0.447743416,0.776666123,0.316589862,0.902942874,0.316589862,0.986873351,68.7,19.9,148.3,1496.1,0.775395034,0.224604966,0.09018487,0.90981513
PalombaEtAl_apache-qpid,0.5,271,1895,135.3,947.7,135.7,947.3,0.68488974,0.776184198,0.000716698,0.635284786,0.805751083,0.526198257,0.924376731,0.526160648,0.98142088,71.4,17.6,64.3,929.7,0.802247191,0.197752809,0.064688129,0.935311871
PalombaEtAl_apache-qpid,0.4,271,1895,163,1136,108,759,0.821326484,0.636893939,0.000734595,0.664893572,0.815412228,0.562037037,0.929527105,0.562037037,0.981818182,60.7,13.8,47.3,745.2,0.814765101,0.185234899,0.059684543,0.940315457
PalombaEtAl_apache-qpid,0.65,271,1895,95,663,176,1232,0.47968572,0.98292765,0.000698102,0.590390143,0.808388415,0.466477273,0.919247159,0.466477273,0.983928571,82.1,19.8,93.9,1212.2,0.805691855,0.194308145,0.071893423,0.928106577
PalombaEtAl_apache-qpid,0.6,271,1895,108,758,163,1137,0.547279777,0.918878408,0.00070683,0.610293335,0.80283545,0.493865031,0.921230769,0.493865031,0.982497801,80.5,19.9,82.5,1117.1,0.801792829,0.198207171,0.068772924,0.931227076
PalombaEtAl_apache-qpid,0.7,271,1895,81,568,190,1327,0.410609846,1.033470841,0.00068126,0.56068029,0.821990396,0.426315789,0.916348055,0.426315789,0.986510927,81,17.9,109,1309.1,0.8190091,0.1809909,0.076863409,0.923136591
PalombaEtAl_apache-qpid,0.3,271,1895,190,1326,81,569,0.958661718,0.502759196,0.000773476,0.674525585,0.802546666,0.583950617,0.93,0.583950617,0.979261863,47.3,11.8,33.7,557.2,0.800338409,0.199661591,0.057031647,0.942968353
PalombaEtAl_apache-qpid,0.2,271,1895,217,1515,54,380,1.095022948,0.34166189,0.000787239,0.697129897,0.786875765,0.62962963,0.93202765,0.62962963,0.975,34,9.5,20,370.5,0.781609195,0.218390805,0.051216389,0.948783611
PalombaEtAl_apache-qpid,0.75,271,1895,68,473,203,1422,0.342116302,1.100373451,0.000677153,0.483983415,0.75636991,0.361576355,0.904676923,0.361576355,0.982208158,73.4,25.3,129.6,1396.7,0.74366768,0.25633232,0.084911223,0.915088777
PalombaEtAl_apache-qpid,0.1,271,1895,244,1705,27,190,1.231523015,0.181665965,0.00083717,0.687868036,0.779347781,0.622222222,0.929953917,0.622222222,0.973684211,16.8,5,10.2,185,0.770642202,0.229357798,0.052254098,0.947745902
PalombaEtAl_apache-qpid,0.15,271,1895,230,1611,41,284,1.16395976,0.261718018,0.000805286,0.704526407,0.80449893,0.629268293,0.933538462,0.629268293,0.977464789,25.8,6.4,15.2,277.6,0.801242236,0.198757764,0.051912568,0.948087432
PalombaEtAl_apache-wicket,0.6,216,1866,86,746,130,1120,0.488304985,0.815752744,0.000652602,0.445422264,0.698744835,0.333846154,0.91448,0.333846154,0.981875,43.4,20.3,86.6,1099.7,0.681318681,0.318681319,0.073000084,0.926999916
PalombaEtAl_apache-wicket,0.95,216,1866,11,93,205,1773,0.061495786,1.190886606,0.000602066,0.103251427,0.739320353,0.058536585,0.897775531,0.058536585,0.994811055,12,9.2,193,1763.8,0.566037736,0.433962264,0.098630417,0.901369583
PalombaEtAl_apache-wicket,0.7,216,1866,65,559,151,1307,0.366119044,0.92607183,0.000635166,0.384950449,0.66785871,0.278807947,0.908367627,0.278807947,0.98110176,42.1,24.7,108.9,1282.3,0.630239521,0.369760479,0.078277746,0.921722254
PalombaEtAl_apache-wicket,0.5,216,1866,108,933,108,933,0.610011628,0.694955787,0.000667585,0.506701989,0.652843751,0.419444444,0.915465898,0.419444444,0.972883173,45.3,25.3,62.7,907.7,0.641643059,0.358356941,0.064612531,0.935387469
PalombaEtAl_apache-wicket,0.55,216,1866,97,839,119,1027,0.549312443,0.760247378,0.000663392,0.455061916,0.641147568,0.356302521,0.911169284,0.356302521,0.975462512,42.4,25.2,76.6,1001.8,0.627218935,0.372781065,0.071031157,0.928968843
PalombaEtAl_apache-wicket,0.4,216,1866,130,1119,86,747,0.732308001,0.564833312,0.000678071,0.558022975,0.715713331,0.461627907,0.925090036,0.461627907,0.978447122,39.7,16.1,46.3,730.9,0.711469534,0.288530466,0.059572826,0.940427174
PalombaEtAl_apache-wicket,0.45,216,1866,119,1026,97,840,0.671425362,0.625485916,0.000667541,0.535565023,0.709188549,0.43814433,0.921771612,0.43814433,0.977619048,42.5,18.8,54.5,821.2,0.693311582,0.306688418,0.062235926,0.937764074
PalombaEtAl_apache-wicket,0.1,216,1866,194,1679,22,187,1.097938031,0.158107867,0.000756497,0.65276066,0.79540733,0.559090909,0.937799043,0.559090909,0.982352941,12.3,3.3,9.7,183.7,0.788461538,0.211538462,0.050155119,0.949844881
PalombaEtAl_apache-wicket,0.3,216,1866,151,1306,65,560,0.853829967,0.423402423,0.000677444,0.59218048,0.771395543,0.483076923,0.93104,0.483076923,0.983035714,31.4,9.5,33.6,550.5,0.767726161,0.232273839,0.057524397,0.942475603
PalombaEtAl_apache-wicket,0.85,216,1866,32,280,184,1586,0.183344565,1.088908164,0.000615202,0.224173068,0.628425042,0.144021739,0.89920904,0.144021739,0.986822194,26.5,20.9,157.5,1565.1,0.55907173,0.44092827,0.091431557,0.908568443
PalombaEtAl_apache-wicket,0.2,216,1866,173,1492,43,374,0.976043912,0.303072919,0.000726794,0.66418657,0.757419372,0.595348837,0.93764988,0.595348837,0.977005348,25.6,8.6,17.4,365.4,0.748538012,0.251461988,0.045454545,0.954545455
PalombaEtAl_apache-wicket,0.35,216,1866,140,1213,76,653,0.79306536,0.498890122,0.000684349,0.568265368,0.731889422,0.469736842,0.925651578,0.469736842,0.978713629,35.7,13.9,40.3,639.1,0.719758065,0.280241935,0.059317044,0.940682956
PalombaEtAl_apache-wicket,0.25,216,1866,162,1399,54,467,0.914740283,0.357059955,0.000685336,0.605878749,0.753590385,0.509259259,0.931669866,0.509259259,0.980513919,27.5,9.1,26.5,457.9,0.75136612,0.24863388,0.054706854,0.945293146
PalombaEtAl_apache-wicket,0.15,216,1866,184,1585,32,281,1.037366843,0.228379712,0.000729648,0.673274241,0.793072286,0.5875,0.942172524,0.5875,0.982562278,18.8,4.9,13.2,276.1,0.793248945,0.206751055,0.045627376,0.954372624
PalombaEtAl_apache-wicket,0.75,216,1866,54,466,162,1400,0.305390811,0.981577481,0.000628411,0.327767563,0.547104017,0.24382716,0.896670935,0.24382716,0.972214286,39.5,38.9,122.5,1361.1,0.503826531,0.496173469,0.082569426,0.917430574
PalombaEtAl_apache-wicket,0.9,216,1866,22,186,194,1680,0.122324648,1.137941905,0.000607226,0.177217718,0.553117059,0.11443299,0.893596585,0.11443299,0.983571429,22.2,27.6,171.8,1652.4,0.445783133,0.554216867,0.09417827,0.90582173
PalombaEtAl_apache-wicket,0.65,216,1866,76,652,140,1214,0.426877916,0.874732832,0.000646036,0.423634625,0.687532334,0.308571429,0.913367799,0.308571429,0.983113674,43.2,20.5,96.8,1193.5,0.678178964,0.321821036,0.075021313,0.924978687
PalombaEtAl_apache-wicket,0.8,216,1866,43,373,173,1493,0.244105446,1.035347054,0.000621457,0.297155412,0.585775996,0.210982659,0.898439376,0.210982659,0.97809779,36.5,32.7,136.5,1460.3,0.527456647,0.472543353,0.085483467,0.914516533
PalombaEtAl_lucene-solr,0.7,7,5327,2,1598,5,3729,1.074993645,2.805071659,0.000751224,0.333333333,1,0.02,0.998687734,0.02,1,0.1,0,4.9,3729,1,0,0.001312301,0.998687699
PalombaEtAl_lucene-solr,0.6,7,5327,3,2130,4,3197,1.433335881,2.492403228,0.000778633,0.4,1,0.05,0.998812871,0.05,1,0.2,0,3.8,3197,1,0,0.001187203,0.998812797
PalombaEtAl_lucene-solr,0.45,7,5327,4,2929,3,2398,1.97037712,1.956933509,0.000815049,0.5,1,0.1,0.998875469,0.1,1,0.3,0,2.7,2398,1,0,0.001124672,0.998875328
PalombaEtAl_lucene-solr,0.4,7,5327,4,3196,3,2131,2.149283696,1.771351257,0.000830062,0.5,1,0.1,0.99873477,0.1,1,0.3,0,2.7,2131,1,0,0.001265408,0.998734592
PalombaEtAl_lucene-solr,0.5,7,5327,3.5,2663.5,3.5,2663.5,1.791687569,2.14405575,0.00080392,-,-,0,0.998687664,0,1,0,0,3.5,2663.5,-,-,-,-
PalombaEtAl_lucene-solr,0.85,7,5327,1,799,6,4528,0.537600732,3.241036861,0.000714829,-,-,0,0.998676665,0,1,0,0,6,4528,-,-,-,-
PalombaEtAl_lucene-solr,0.1,7,5327,6,4794,1,533,3.224410244,0.51981713,0.00097344,1,1,0.3,0.998689139,0.3,1,0.3,0,0.7,533,1,0,0.001311598,0.998688402
PalombaEtAl_lucene-solr,0.55,7,5327,3,2397,4,2930,1.612579585,2.318619361,0.000790259,-,-,0,0.998636673,0,1,0,0,4,2930,-,-,-,-
PalombaEtAl_lucene-solr,0.2,7,5327,6,4261,1,1066,2.866706208,0.953172421,0.00089332,1,1,0.3,0.999343955,0.3,1,0.3,0,0.7,1066,1,0,0.000656229,0.999343771
PalombaEtAl_lucene-solr,0.3,7,5327,5,3728,2,1599,2.507602969,1.378592531,0.000861082,0.833333333,1,0.3,0.999125547,0.3,1,0.6,0,1.4,1599,1,0,0.000874781,0.999125219
PalombaEtAl_lucene-solr,0.25,7,5327,5,3995,2,1332,2.687396774,1.164397243,0.000872862,0.777777778,1,0.2,0.9988006,0.2,1,0.4,0,1.6,1332,1,0,0.00119976,0.99880024
PalombaEtAl_lucene-solr,0.35,7,5327,5,3462,2,1865,2.329178849,1.577593304,0.000844988,0.733333333,1,0.3,0.999250134,0.3,1,0.6,0,1.4,1865,1,0,0.000750107,0.999249893
PalombaEtAl_lucene-solr,0.15,7,5327,6,4527,1,800,3.04461992,0.729516668,0.000910757,1,1,0.2,0.999001248,0.2,1,0.2,0,0.8,800,1,0,0.000999001,0.999000999
PalombaEtAl_lucene-solr,0.65,7,5327,2,1864,5,3463,1.254103304,2.661557826,0.000767462,-,-,0,0.998558247,0,1,0,0,5,3463,-,-,-,-
PalombaEtAl_lucene-solr,0.8,7,5327,1,1065,6,4262,0.716253255,3.120557476,0.000731152,-,-,0,0.998594189,0,1,0,0,6,4262,-,-,-,-
PalombaEtAl_lucene-solr,0.9,7,5327,1,532,6,4795,0.358373671,3.376523549,0.000703296,-,-,0,0.99875026,0,1,0,0,6,4795,-,-,-,-
PalombaEtAl_lucene-solr,0.75,7,5327,2,1331,5,3996,0.896349444,2.962457717,0.000740429,0.333333333,1,0.02,0.998775306,0.02,1,0.1,0,4.9,3996,1,0,0.001224724,0.998775276